DATE;KURŞUNSUZ BENZİN (TL/LT);GAZ YAĞI (TL/LT);TP MOTORİN (TL/LT);MOTORİN (TL/LT);KALORİFER YAKITI (TL/KG);FUEL OIL (TL/KG);Y.K. FUEL OIL (TL/KG)
11.Kas.10;3,68 ;2,48 ;- ;3,11 ;1,89 ;- ;1,57 
12.Kas.10;3,68 ;2,53 ;- ;3,11 ;1,89 ;- ;1,57 
13.Kas.10;3,68 ;2,53 ;- ;3,11 ;1,89 ;- ;1,62 
23.Kas.10;3,68 ;2,48 ;- ;3,11 ;1,84 ;- ;1,55 
24.Kas.10;3,68 ;2,48 ;- ;3,07 ;1,84 ;- ;1,55 
27.Kas.10;3,75 ;2,57 ;- ;3,15 ;1,92 ;- ;1,63 
8.Ara.10;3,83 ;2,64 ;- ;3,23 ;1,92 ;- ;1,63 
10.Ara.10;3,83 ;2,64 ;- ;3,23 ;1,94 ;- ;1,63 
15.Ara.10;3,80 ;2,64 ;- ;3,23 ;1,94 ;- ;1,63 
18.Ara.10;3,80 ;2,64 ;- ;3,23 ;1,94 ;- ;1,69 
21.Ara.10;3,80 ;2,64 ;- ;3,23 ;1,96 ;- ;1,69 
23.Ara.10;3,80 ;2,71 ;- ;3,30 ;1,96 ;- ;1,69 
28.Ara.10;3,86 ;2,71 ;- ;3,30 ;1,99 ;- ;1,69 
1.Oca.11;3,86 ;2,71 ;- ;3,30 ;1,99 ;- ;1,69 
8.Oca.11;3,86 ;2,71 ;- ;3,30 ;1,99 ;- ;1,74 
13.Oca.11;3,95 ;2,79 ;- ;3,30 ;1,99 ;- ;1,74 
14.Oca.11;3,95 ;2,79 ;- ;3,30 ;2,05 ;- ;1,74 
15.Oca.11;3,95 ;2,79 ;- ;3,36 ;2,05 ;- ;1,74 
29.Oca.11;3,95 ;2,79 ;- ;3,36 ;2,05 ;- ;1,79 
3.Şub.11;3,95 ;2,83 ;- ;3,42 ;2,13 ;- ;1,85 
17.Şub.11;3,95 ;2,83 ;- ;3,42 ;2,13 ;- ;1,91 
23.Şub.11;4,02 ;2,83 ;- ;3,42 ;2,16 ;- ;1,91 
25.Şub.11;4,02 ;2,95 ;- ;3,50 ;2,26 ;- ;1,92 
1.Mar.11;4,07 ;2,95 ;- ;3,50 ;2,26 ;- ;1,98 
4.Mar.11;4,07 ;3,03 ;- ;3,62 ;2,33 ;- ;1,98 
8.Mar.11;4,15 ;3,03 ;- ;3,62 ;2,33 ;- ;1,98 
9.Mar.11;4,15 ;3,03 ;- ;3,62 ;2,33 ;- ;2,04 
16.Mar.11;4,15 ;2,98 ;- ;3,62 ;2,33 ;- ;2,04 
17.Mar.11;4,03 ;2,98 ;- ;3,62 ;2,33 ;- ;2,04 
22.Mar.11;4,03 ;2,98 ;- ;3,62 ;2,33 ;- ;2,02 
29.Mar.11;4,13 ;2,98 ;- ;3,58 ;2,33 ;- ;2,02 
7.Nis.11;4,13 ;2,98 ;- ;3,58 ;2,33 ;- ;2,09 
19.Nis.11;4,20 ;2,98 ;- ;3,58 ;2,33 ;- ;2,09 
20.Nis.11;4,20 ;2,98 ;- ;3,58 ;2,33 ;- ;2,04 
3.May.11;4,29 ;2,98 ;- ;3,58 ;2,33 ;- ;2,07 
10.May.11;4,19 ;2,89 ;- ;3,49 ;2,33 ;- ;2,07 
11.May.11;4,19 ;2,89 ;- ;3,49 ;2,23 ;- ;2,01 
18.May.11;4,19 ;2,89 ;- ;3,49 ;2,29 ;- ;2,09 
24.May.11;4,15 ;2,89 ;- ;3,49 ;2,25 ;- ;2,03 
28.May.11;4,22 ;2,98 ;- ;3,58 ;2,32 ;- ;2,09 
9.Haz.11;4,16 ;2,98 ;- ;3,58 ;2,32 ;- ;2,09 
16.Haz.11;4,16 ;2,98 ;- ;3,58 ;2,38 ;- ;2,13 
25.Haz.11;4,16 ;2,98 ;- ;3,58 ;2,29 ;- ;2,10 
29.Haz.11;4,16 ;2,98 ;- ;3,51 ;2,29 ;- ;2,10 
30.Haz.11;4,16 ;2,95 ;- ;3,51 ;2,29 ;- ;2,10 
5.Tem.11;4,16 ;2,95 ;- ;3,51 ;2,32 ;- ;2,13 
6.Tem.11;4,16 ;2,95 ;- ;3,55 ;2,32 ;- ;2,13 
8.Tem.11;4,23 ;2,95 ;- ;3,55 ;2,32 ;- ;2,13 
12.Tem.11;4,23 ;3,04 ;- ;3,65 ;2,39 ;- ;2,14 
15.Tem.11;4,33 ;3,04 ;- ;3,65 ;2,39 ;- ;2,14 
23.Tem.11;4,33 ;3,13 ;- ;3,73 ;2,48 ;- ;2,27 
5.Ağu.11;4,33 ;3,13 ;- ;3,73 ;2,48 ;- ;2,27 
11.Ağu.11;4,33 ;3,06 ;- ;3,66 ;2,40 ;- ;2,24 
19.Ağu.11;4,33 ;3,15 ;- ;3,73 ;2,40 ;- ;2,24 
20.Ağu.11;4,33 ;3,15 ;- ;3,73 ;2,44 ;- ;2,28 
6.Eyl.11;4,42 ;3,15 ;- ;3,73 ;2,46 ;- ;2,30 
15.Eyl.11;4,31 ;3,15 ;- ;3,73 ;2,46 ;- ;2,30 
7.Eki.11;4,26 ;3,15 ;- ;3,73 ;2,46 ;- ;2,30 
14.Eki.11;4,33 ;3,15 ;- ;3,73 ;2,55 ;- ;2,41 
18.Eki.11;4,33 ;3,15 ;- ;3,85 ;2,55 ;- ;2,41 
1.Kas.11;4,26 ;3,28 ;- ;3,77 ;2,55 ;- ;3,33 
2.Kas.11;4,26 ;3,16 ;- ;3,77 ;2,46 ;- ;3,33 
11.Kas.11;4,26 ;3,16 ;- ;3,77 ;2,55 ;- ;3,37 
12.Kas.11;4,26 ;3,26 ;- ;3,77 ;2,55 ;- ;3,37 
16.Kas.11;4,26 ;3,26 ;- ;3,85 ;2,55 ;- ;3,37 
24.Kas.11;4,26 ;3,26 ;- ;3,85 ;2,55 ;- ;3,33 
25.Kas.11;4,22 ;3,26 ;- ;3,85 ;2,55 ;- ;3,33 
3.Ara.11;4,22 ;3,26 ;- ;3,85 ;2,58 ;- ;3,33 
10.Ara.11;4,22 ;3,26 ;- ;3,85 ;2,58 ;2,27 ;3,23 
14.Ara.11;4,22 ;3,21 ;- ;3,85 ;2,58 ;2,27 ;3,23 
16.Ara.11;4,22 ;3,21 ;- ;3,78 ;2,58 ;2,27 ;3,23 
24.Ara.11;4,31 ;3,21 ;- ;3,78 ;2,58 ;2,27 ;3,23 
27.Ara.11;4,31 ;3,21 ;- ;3,78 ;2,58 ;2,27 ;2,26 
28.Ara.11;4,31 ;3,21 ;- ;3,78 ;2,74 ;2,36 ;2,32 
1.Oca.12;4,31 ;3,21 ;- ;3,78 ;2,74 ;2,36 ;2,32 
7.Oca.12;4,31 ;3,21 ;- ;3,78 ;2,83 ;2,44 ;2,32 
10.Oca.12;4,31 ;3,29 ;- ;3,86 ;2,83 ;2,44 ;2,32 
11.Oca.12;4,36 ;3,29 ;- ;3,86 ;2,83 ;2,44 ;2,32 
20.Oca.12;4,36 ;3,29 ;- ;3,86 ;2,79 ;2,39 ;2,31 
21.Oca.12;4,36 ;3,29 ;- ;3,78 ;2,79 ;2,39 ;2,31 
26.Oca.12;4,36 ;3,21 ;- ;3,78 ;2,79 ;2,39 ;2,31 
21.Şub.12;4,43 ;3,22 ;- ;3,79 ;2,79 ;2,40 ;2,23 
24.Şub.12;4,43 ;3,22 ;- ;3,86 ;2,84 ;2,50 ;2,23 
28.Şub.12;4,43 ;3,29 ;- ;3,86 ;2,84 ;2,50 ;2,23 
9.Mar.12;4,54 ;3,29 ;- ;3,86 ;2,84 ;2,50 ;2,23 
10.Mar.12;4,54 ;3,29 ;- ;3,86 ;2,91 ;2,60 ;2,25 
15.Mar.12;4,54 ;3,29 ;- ;3,98 ;2,91 ;2,60 ;2,25 
20.Mar.12;4,62 ;3,29 ;- ;3,98 ;2,91 ;2,60 ;2,25 
21.Mar.12;4,62 ;3,29 ;- ;3,98 ;2,95 ;2,62 ;2,32 
29.Mar.12;4,70 ;3,29 ;- ;3,98 ;2,95 ;2,62 ;2,32 
4.Nis.12;4,70 ;3,29 ;- ;3,98 ;2,91 ;2,62 ;2,26 
11.Nis.12;4,70 ;3,29 ;- ;3,92 ;2,91 ;2,62 ;2,26 
21.Nis.12;4,58 ;3,29 ;- ;3,92 ;2,85 ;2,53 ;2,21 
3.May.12;4,48 ;3,29 ;- ;3,92 ;2,85 ;2,53 ;2,21 
8.May.12;4,35 ;3,17 ;- ;3,77 ;2,85 ;2,53 ;2,21 
9.May.12;4,35 ;3,17 ;- ;3,78 ;2,76 ;2,45 ;2,10 
18.May.12;4,34 ;3,17 ;- ;3,77 ;2,80 ;2,47 ;2,18 
26.May.12;4,34 ;3,17 ;- ;3,77 ;2,78 ;2,45 ;2,15 
5.Haz.12;4,34 ;3,17 ;- ;3,68 ;2,78 ;2,45 ;2,15 
6.Haz.12;4,34 ;3,08 ;- ;3,68 ;2,66 ;2,34 ;2,06 
7.Haz.12;4,27 ;3,08 ;- ;3,68 ;2,66 ;2,34 ;2,06 
15.Haz.12;4,21 ;3,08 ;- ;3,68 ;2,66 ;2,34 ;2,06 
22.Haz.12;4,21 ;2,99 ;- ;3,61 ;2,66 ;2,34 ;2,06 
23.Haz.12;4,21 ;2,99 ;- ;3,61 ;2,58 ;2,24 ;1,94 
27.Haz.12;4,18 ;2,99 ;- ;3,61 ;2,58 ;2,24 ;1,94 
4.Tem.12;4,18 ;2,99 ;- ;3,61 ;2,66 ;2,33 ;1,99 
6.Tem.12;4,30 ;2,99 ;- ;3,61 ;2,66 ;2,33 ;1,99 
7.Tem.12;4,30 ;3,09 ;- ;3,71 ;2,66 ;2,33 ;1,99 
11.Tem.12;4,30 ;3,09 ;- ;3,71 ;2,72 ;2,38 ;2,03 
21.Tem.12;4,30 ;3,09 ;- ;3,81 ;2,81 ;2,47 ;2,10 
24.Tem.12;4,30 ;3,17 ;- ;3,81 ;2,81 ;2,47 ;2,10 
31.Tem.12;4,30 ;3,17 ;- ;3,78 ;2,81 ;2,47 ;2,10 
1.Ağu.12;4,39 ;3,17 ;- ;3,78 ;2,81 ;2,47 ;2,10 
11.Ağu.12;4,48 ;3,17 ;- ;3,78 ;2,76 ;2,47 ;2,10 
15.Ağu.12;4,48 ;3,25 ;- ;3,85 ;2,76 ;2,47 ;2,10 
17.Ağu.12;4,48 ;3,25 ;- ;3,85 ;2,82 ;2,53 ;2,18 
23.Ağu.12;4,59 ;3,25 ;- ;3,85 ;2,82 ;2,53 ;2,18 
24.Ağu.12;4,59 ;3,25 ;- ;3,92 ;2,82 ;2,53 ;2,18 
28.Ağu.12;4,59 ;3,32 ;- ;3,92 ;2,82 ;2,53 ;2,18 
1.Eyl.12;4,59 ;3,32 ;- ;3,92 ;2,54 ;2,53 ;2,18 
6.Eyl.12;4,59 ;3,32 ;- ;3,92 ;2,62 ;2,61 ;2,20 
19.Eyl.12;4,48 ;3,32 ;- ;3,92 ;2,62 ;2,61 ;2,20 
22.Eyl.12;4,74 ;3,53 ;- ;4,27 ;2,50 ;2,47 ;2,14 
28.Eyl.12;4,74 ;3,45 ;- ;4,27 ;2,50 ;2,47 ;2,14 
29.Eyl.12;4,82 ;3,45 ;- ;4,27 ;2,50 ;2,47 ;2,14 
12.Eki.12;4,82 ;3,56 ;- ;4,27 ;2,50 ;2,47 ;2,14 
13.Eki.12;4,90 ;3,56 ;- ;4,27 ;2,50 ;2,47 ;2,14 
17.Eki.12;4,77 ;3,56 ;- ;4,27 ;2,50 ;2,47 ;2,14 
23.Eki.12;4,77 ;3,56 ;- ;4,27 ;2,49 ;2,42 ;2,14 
24.Eki.12;4,68 ;3,45 ;- ;4,27 ;2,49 ;2,42 ;2,14 
31.Eki.12;4,68 ;3,45 ;- ;4,19 ;2,49 ;2,42 ;2,14 
1.Kas.12;4,59 ;3,45 ;- ;4,19 ;2,44 ;2,40 ;2,08 
7.Kas.12;4,59 ;3,35 ;- ;4,10 ;2,44 ;2,40 ;2,08 
10.Kas.12;4,59 ;3,35 ;- ;4,10 ;2,37 ;2,34 ;2,01 
20.Kas.12;4,59 ;3,35 ;- ;4,10 ;2,38 ;2,34 ;2,05 
21.Kas.12;4,59 ;3,45 ;- ;4,10 ;2,38 ;2,34 ;2,05 
24.Kas.12;4,59 ;3,45 ;- ;4,18 ;2,38 ;2,34 ;2,05 
11.Ara.12;4,59 ;3,36 ;- ;4,11 ;2,38 ;2,34 ;2,05 
22.Ara.12;4,65 ;3,36 ;- ;4,11 ;2,38 ;2,34 ;2,05 
1.Oca.13;4,65 ;3,36 ;- ;4,11 ;2,38 ;2,34 ;2,05 
5.Oca.13;4,65 ;3,36 ;- ;4,16 ;2,38 ;2,34 ;2,05 
10.Oca.13;4,65 ;3,36 ;- ;4,16 ;2,46 ;2,42 ;2,09 
23.Oca.13;4,65 ;3,43 ;- ;4,16 ;2,46 ;2,42 ;2,09 
24.Oca.13;4,74 ;3,43 ;- ;4,16 ;2,46 ;2,42 ;2,09 
1.Şub.13;4,84 ;3,43 ;- ;4,16 ;2,46 ;2,42 ;2,09 
6.Şub.13;4,84 ;3,43 ;- ;4,22 ;2,46 ;2,42 ;2,09 
9.Şub.13;4,84 ;3,50 ;- ;4,22 ;2,55 ;2,51 ;2,13 
26.Şub.13;4,84 ;3,50 ;- ;4,22 ;2,49 ;2,43 ;2,12 
6.Mar.13;4,75 ;3,42 ;- ;4,22 ;2,49 ;2,43 ;2,12 
9.Mar.13;4,75 ;3,42 ;- ;4,18 ;2,49 ;2,43 ;2,12 
12.Mar.13;4,75 ;3,42 ;- ;4,18 ;2,49 ;2,43 ;2,12 
20.Mar.13;4,75 ;3,42 ;- ;4,18 ;2,45 ;2,40 ;2,12 
22.Mar.13;4,75 ;3,35 ;- ;4,18 ;2,45 ;2,40 ;2,12 
9.Nis.13;4,64 ;3,35 ;- ;4,08 ;2,45 ;2,40 ;2,12 
10.Nis.13;4,64 ;3,35 ;- ;4,08 ;2,35 ;2,31 ;2,04 
11.Nis.13;4,64 ;3,35 ;4,16 ;4,08 ;2,35 ;2,31 ;2,04 
18.Nis.13;4,56 ;3,20 ;4,07 ;3,99 ;4,07 ;2,04 ;2,31 
23.Nis.13;4,56 ;3,20 ;4,07 ;3,99 ;4,07 ;2,02 ;2,31 
24.Nis.13;4,56 ;3,20 ;4,07 ;3,99 ;2,31 ;2,28 ;2,02 
7.May.13;4,56 ;3,20 ;4,07 ;3,99 ;2,37 ;2,36 ;2,06 
10.May.13;4,56 ;3,20 ;4,14 ;4,06 ;2,37 ;2,36 ;2,06 
15.May.13;4,62 ;3,20 ;4,14 ;4,06 ;2,37 ;2,36 ;2,06 
18.May.13;4,62 ;3,30 ;4,14 ;4,06 ;2,37 ;2,36 ;2,06 
22.May.13;4,73 ;3,30 ;4,14 ;4,06 ;2,37 ;2,36 ;2,06 
23.May.13;4,73 ;3,30 ;4,22 ;4,14 ;2,37 ;2,36 ;2,06 
5.Haz.13;4,73 ;3,30 ;4,22 ;4,14 ;2,38 ;2,46 ;2,13 
6.Haz.13;4,73 ;3,30 ;4,22 ;4,14 ;2,38 ;2,46 ;2,13 
11.Haz.13;4,73 ;3,39 ;4,22 ;4,14 ;2,38 ;2,46 ;2,13 
21.Haz.13;4,73 ;3,39 ;4,30 ;4,22 ;2,38 ;2,46 ;2,13 
22.Haz.13;4,73 ;3,39 ;4,30 ;4,22 ;2,40 ;2,51 ;2,17 
9.Tem.13;4,84 ;3,54 ;4,30 ;4,22 ;2,40 ;2,51 ;2,17 
11.Tem.13;4,84 ;3,54 ;4,37 ;4,29 ;2,40 ;2,51 ;2,17 
16.Tem.13;4,84 ;3,54 ;4,37 ;4,29 ;2,47 ;2,54 ;2,25 
17.Tem.13;4,92 ;3,54 ;4,37 ;4,29 ;2,47 ;2,54 ;2,25 
1.Ağu.13;4,85 ;3,54 ;4,37 ;4,29 ;2,47 ;2,54 ;2,25 
8.Ağu.13;4,82 ;3,54 ;4,33 ;4,25 ;2,47 ;2,54 ;2,25 
14.Ağu.13;4,82 ;3,54 ;4,33 ;4,25 ;2,47 ;2,54 ;2,25 
22.Ağu.13;4,82 ;3,61 ;4,41 ;4,33 ;2,47 ;2,54 ;2,25 
23.Ağu.13;4,92 ;3,61 ;4,41 ;4,33 ;2,47 ;2,54 ;2,25 
29.Ağu.13;4,92 ;3,61 ;4,41 ;4,33 ;2,58 ;2,64 ;2,33 
30.Ağu.13;5,08 ;3,72 ;4,59 ;4,51 ;2,58 ;2,64 ;2,33 
4.Eyl.13;4,95 ;3,72 ;4,59 ;4,51 ;2,58 ;2,64 ;2,33 
11.Eyl.13;4,95 ;3,72 ;4,59 ;4,51 ;2,62 ;2,68 ;2,33 
14.Eyl.13;4,83 ;3,63 ;4,59 ;4,51 ;2,62 ;2,68 ;2,33 
17.Eyl.13;4,83 ;3,63 ;4,52 ;4,44 ;2,62 ;2,68 ;2,33 
20.Eyl.13;4,83 ;3,63 ;4,44 ;4,36 ;2,53 ;2,60 ;2,29 
21.Eyl.13;4,83 ;3,53 ;4,44 ;4,36 ;2,53 ;2,60 ;2,29 
25.Eyl.13;4,75 ;3,53 ;4,44 ;4,36 ;2,53 ;2,60 ;2,29 
1.Eki.13;4,86 ;3,53 ;4,44 ;4,36 ;2,53 ;2,60 ;2,29 
3.Eki.13;4,78 ;3,53 ;4,44 ;4,36 ;2,53 ;2,60 ;2,29 
11.Eki.13;4,78 ;3,53 ;4,44 ;4,36 ;2,47 ;2,52 ;2,23 
24.Eki.13;4,78 ;3,53 ;4,44 ;4,36 ;2,47 ;2,52 ;2,23 
16.Kas.13;4,78 ;3,53 ;4,44 ;4,36 ;2,53 ;2,61 ;2,27 
28.Kas.13;4,78 ;3,60 ;4,44 ;4,36 ;2,53 ;2,61 ;2,27 
5.Ara.13;4,78 ;3,60 ;4,44 ;4,36 ;2,61 ;2,69 ;2,28 
6.Ara.13;4,89 ;3,60 ;4,44 ;4,36 ;2,61 ;2,69 ;2,28 
7.Ara.13;4,89 ;3,60 ;4,53 ;4,45 ;2,61 ;2,69 ;2,28 
14.Ara.13;4,89 ;3,60 ;4,53 ;4,45 ;2,56 ;2,65 ;2,28 
17.Ara.13;4,80 ;3,60 ;4,53 ;4,45 ;2,56 ;2,65 ;2,28 
25.Ara.13;4,94 ;3,60 ;4,53 ;4,45 ;2,56 ;2,65 ;2,28 
26.Ara.13;4,94 ;3,72 ;4,53 ;4,45 ;2,56 ;2,65 ;2,28 
27.Ara.13;4,94 ;3,72 ;4,53 ;4,45 ;2,60 ;2,66 ;2,34 
1.Oca.14;4,94 ;3,72 ;4,62 ;4,54 ;2,60 ;2,66 ;2,34 
2.Oca.14;4,94 ;3,72 ;4,62 ;4,54 ;2,60 ;2,66 ;2,34 
3.Oca.14;4,94 ;3,72 ;4,62 ;4,54 ;2,60 ;2,66 ;2,34 
11.Oca.14;4,94 ;3,72 ;4,62 ;4,54 ;2,66 ;2,75 ;2,41 
25.Oca.14;5,07 ;3,87 ;4,62 ;4,54 ;2,66 ;2,75 ;2,41 
28.Oca.14;5,07 ;3,87 ;4,62 ;4,54 ;2,79 ;2,83 ;2,54 
29.Oca.14;5,07 ;3,87 ;4,74 ;4,66 ;2,79 ;2,83 ;2,54 
30.Oca.14;5,07 ;3,87 ;4,67 ;4,59 ;2,79 ;2,83 ;2,54 
4.Şub.14;5,07 ;3,87 ;4,67 ;4,59 ;2,79 ;2,83 ;2,54 
14.Şub.14;5,07 ;3,77 ;4,67 ;4,59 ;2,79 ;2,83 ;2,54 
15.Şub.14;5,07 ;3,77 ;4,67 ;4,59 ;2,74 ;2,86 ;2,43 
20.Mar.14;5,07 ;3,77 ;4,62 ;4,57 ;2,74 ;2,87 ;2,44 
22.Mar.14;5,04 ;3,77 ;4,41 ;4,41 ;2,74 ;2,87 ;2,44 
26.Mar.14;5,07 ;3,77 ;4,43 ;4,43 ;2,74 ;2,87 ;2,44 
29.Mar.14;5,05 ;3,77 ;4,39 ;4,39 ;2,74 ;2,87 ;2,44 
2.Nis.14;5,00 ;3,77 ;4,35 ;4,35 ;2,74 ;2,87 ;2,44 
3.Nis.14;5,00 ;3,66 ;4,35 ;4,35 ;2,74 ;2,87 ;2,44 
5.Nis.14;4,96 ;3,66 ;4,31 ;4,31 ;2,74 ;2,87 ;2,44 
8.Nis.14;4,96 ;3,66 ;4,31 ;4,31 ;2,66 ;2,79 ;2,38 
9.Nis.14;4,97 ;3,66 ;4,29 ;4,29 ;2,66 ;2,79 ;2,38 
12.Nis.14;4,99 ;3,66 ;4,30 ;4,30 ;2,66 ;2,79 ;2,38 
16.Nis.14;5,04 ;3,66 ;4,34 ;4,34 ;2,66 ;2,79 ;2,38 
19.Nis.14;5,05 ;3,66 ;4,36 ;4,36 ;2,66 ;2,79 ;2,38 
23.Nis.14;5,05 ;3,66 ;4,37 ;4,37 ;2,66 ;2,79 ;2,38 
26.Nis.14;5,07 ;3,66 ;4,38 ;4,38 ;2,66 ;2,79 ;2,38 
30.Nis.14;5,02 ;3,66 ;4,34 ;4,34 ;2,66 ;2,79 ;2,38 
1.May.14;5,02 ;3,66 ;4,34 ;4,34 ;2,62 ;2,72 ;2,35 
3.May.14;4,97 ;3,66 ;4,29 ;4,29 ;2,62 ;2,72 ;2,35 
7.May.14;4,96 ;3,66 ;4,29 ;4,29 ;2,62 ;2,72 ;2,35 
10.May.14;4,90 ;3,66 ;4,27 ;4,27 ;2,62 ;2,72 ;2,35 
14.May.14;4,91 ;3,66 ;4,27 ;4,27 ;2,62 ;2,72 ;2,35 
17.May.14;4,94 ;3,66 ;4,29 ;4,29 ;2,62 ;2,72 ;2,35 
21.May.14;4,98 ;3,66 ;4,31 ;4,31 ;2,62 ;2,72 ;2,35 
22.May.14;5,01 ;3,66 ;4,43 ;4,38 ;2,62 ;2,72 ;2,35 
23.May.14;4,99 ;3,65 ;4,35 ;4,35 ;2,61 ;2,71 ;2,35 
24.May.14;4,99 ;3,65 ;4,35 ;4,35 ;2,78 ;2,78 ;2,36 
28.May.14;4,99 ;3,65 ;4,35 ;4,35 ;2,78 ;2,78 ;2,36 
31.May.14;5,00 ;3,65 ;4,35 ;4,35 ;2,78 ;2,78 ;2,36 
4.Haz.14;5,00 ;3,65 ;4,37 ;4,36 ;2,78 ;2,78 ;2,36 
7.Haz.14;5,00 ;3,59 ;4,37 ;4,36 ;2,78 ;2,78 ;2,36 
19.Haz.14;5,00 ;3,73 ;4,37 ;4,36 ;2,78 ;2,78 ;2,36 
20.Haz.14;5,11 ;3,73 ;4,49 ;4,48 ;2,78 ;2,78 ;2,36 
24.Haz.14;5,11 ;3,73 ;4,49 ;4,48 ;2,83 ;2,79 ;2,43 
26.Haz.14;5,10 ;3,73 ;4,47 ;4,46 ;2,83 ;2,79 ;2,43 
9.Tem.14;5,10 ;3,73 ;4,40 ;4,39 ;2,80 ;2,73 ;2,38 
11.Tem.14;5,10 ;3,63 ;4,40 ;4,39 ;2,80 ;2,73 ;2,38 
17.Tem.14;5,02 ;3,63 ;4,40 ;4,39 ;2,80 ;2,73 ;2,38 
18.Tem.14;5,02 ;3,63 ;4,40 ;4,39 ;2,74 ;2,66 ;2,36 
1.Ağu.14;4,98 ;3,63 ;4,41 ;4,39 ;2,74 ;2,66 ;2,36 
9.Eyl.14;4,98 ;3,63 ;4,34 ;4,32 ;2,74 ;2,66 ;2,36 
13.Eyl.14;4,90 ;3,63 ;4,34 ;4,32 ;2,74 ;2,66 ;2,36 
9.Eki.14;4,90 ;3,57 ;4,34 ;4,32 ;2,68 ;2,61 ;2,32 
11.Eki.14;4,90 ;3,57 ;4,25 ;4,23 ;2,68 ;2,61 ;2,32 
14.Eki.14;4,90 ;3,57 ;4,25 ;4,23 ;2,63 ;2,55 ;2,26 
15.Eki.14;4,80 ;3,57 ;4,25 ;4,23 ;2,63 ;2,55 ;2,26 
17.Eki.14;4,72 ;3,46 ;4,25 ;4,23 ;2,51 ;2,43 ;2,15 
22.Eki.14;4,72 ;3,46 ;4,17 ;4,15 ;2,51 ;2,43 ;2,15 
24.Eki.14;4,72 ;3,46 ;4,17 ;4,15 ;2,51 ;2,43 ;2,15 
31.Eki.14;4,72 ;3,46 ;4,17 ;4,15 ;2,51 ;2,43 ;2,15 
8.Kas.14;4,72 ;3,46 ;4,17 ;4,15 ;2,44 ;2,35 ;2,09 
18.Kas.14;4,59 ;3,46 ;4,17 ;4,15 ;2,44 ;2,35 ;2,09 
19.Kas.14;4,59 ;3,33 ;4,07 ;4,05 ;2,36 ;2,29 ;1,99 
26.Kas.14;4,56 ;3,33 ;4,05 ;4,03 ;2,34 ;2,29 ;1,99 
29.Kas.14;4,44 ;3,33 ;3,90 ;3,88 ;2,34 ;2,29 ;1,99 
2.Ara.14;4,44 ;3,20 ;3,90 ;3,88 ;2,22 ;2,18 ;1,89 
6.Ara.14;4,44 ;3,20 ;3,90 ;3,88 ;2,18 ;2,15 ;1,84 
9.Ara.14;4,37 ;3,20 ;3,90 ;3,88 ;2,18 ;2,15 ;1,84 
10.Ara.14;4,37 ;3,14 ;3,90 ;3,88 ;2,18 ;2,15 ;1,84 
12.Ara.14;4,29 ;3,14 ;3,79 ;3,77 ;2,10 ;2,09 ;1,78 
17.Ara.14;4,23 ;3,14 ;3,79 ;3,77 ;2,10 ;2,09 ;1,78 
18.Ara.14;4,23 ;3,12 ;3,79 ;3,77 ;2,10 ;2,09 ;1,78 
19.Ara.14;4,23 ;3,12 ;3,79 ;3,77 ;2,09 ;2,08 ;1,76 
25.Ara.14;4,23 ;3,12 ;3,75 ;3,73 ;2,09 ;2,08 ;1,76 
26.Ara.14;4,23 ;3,12 ;3,75 ;3,73 ;2,04 ;2,02 ;1,73 
30.Ara.14;4,23 ;3,05 ;3,75 ;3,73 ;2,04 ;2,02 ;1,73 
1.Oca.15;4,23 ;3,05 ;3,75 ;3,73 ;2,04 ;2,02 ;1,73 
3.Oca.15;4,15 ;3,05 ;3,66 ;3,64 ;1,96 ;1,95 ;1,68 
6.Oca.15;4,18 ;3,05 ;3,66 ;3,64 ;1,96 ;1,95 ;1,68 
7.Oca.15;4,13 ;3,05 ;3,66 ;3,64 ;1,96 ;1,95 ;1,68 
8.Oca.15;4,13 ;2,91 ;3,66 ;3,64 ;1,90 ;1,90 ;1,62 
9.Oca.15;4,13 ;2,91 ;3,58 ;3,56 ;1,89 ;1,89 ;1,59 
13.Oca.15;4,13 ;2,84 ;3,58 ;3,56 ;1,89 ;1,89 ;1,59 
14.Oca.15;4,08 ;2,84 ;3,58 ;3,56 ;1,89 ;1,89 ;1,59 
15.Oca.15;4,04 ;2,78 ;3,52 ;3,50 ;1,89 ;1,89 ;1,59 
16.Oca.15;4,04 ;2,78 ;3,52 ;3,50 ;1,83 ;1,85 ;1,55 
17.Oca.15;4,04 ;2,78 ;3,52 ;3,50 ;1,84 ;1,85 ;1,57 
20.Oca.15;4,10 ;2,84 ;3,58 ;3,56 ;1,84 ;1,85 ;1,57 
21.Oca.15;4,10 ;2,84 ;3,58 ;3,56 ;1,89 ;1,91 ;1,60 
30.Oca.15;4,17 ;2,84 ;3,58 ;3,56 ;1,89 ;1,91 ;1,60 
31.Oca.15;4,17 ;2,84 ;3,58 ;3,56 ;1,94 ;1,97 ;1,64 
3.Şub.15;4,17 ;2,84 ;3,64 ;3,62 ;1,94 ;1,97 ;1,64 
4.Şub.15;4,30 ;3,01 ;3,73 ;3,71 ;2,00 ;1,98 ;1,72 
5.Şub.15;4,30 ;3,06 ;3,73 ;3,71 ;2,06 ;2,03 ;1,77 
7.Şub.15;4,30 ;3,06 ;3,73 ;3,71 ;2,11 ;2,09 ;1,81 
10.Şub.15;4,30 ;3,06 ;3,83 ;3,81 ;2,11 ;2,09 ;1,81 
11.Şub.15;4,41 ;3,18 ;3,89 ;3,87 ;2,18 ;2,14 ;1,87 
13.Şub.15;4,36 ;3,18 ;3,89 ;3,87 ;2,13 ;2,11 ;1,83 
14.Şub.15;4,36 ;3,18 ;3,89 ;3,87 ;2,17 ;2,14 ;1,87 
17.Şub.15;4,43 ;3,18 ;3,89 ;3,87 ;2,21 ;2,18 ;1,90 
21.Şub.15;4,33 ;3,19 ;3,78 ;3,78 ;2,07 ;2,24 ;1,91 
24.Şub.15;4,33 ;3,19 ;3,78 ;3,78 ;2,04 ;2,20 ;1,87 
3.Mar.15;4,45 ;3,19 ;3,78 ;3,78 ;2,04 ;2,20 ;1,87 
4.Mar.15;4,45 ;3,19 ;3,83 ;3,83 ;2,04 ;2,20 ;1,87 
5.Mar.15;4,45 ;3,19 ;3,83 ;3,83 ;2,11 ;2,22 ;1,93 
14.Mar.15;4,45 ;3,19 ;3,83 ;3,83 ;2,06 ;2,18 ;1,92 
18.Mar.15;4,45 ;3,11 ;3,72 ;3,72 ;2,00 ;2,13 ;1,88 
19.Mar.15;4,36 ;3,11 ;3,72 ;3,72 ;2,00 ;2,13 ;1,88 
27.Mar.15;4,42 ;3,11 ;3,72 ;3,72 ;2,00 ;2,13 ;1,88 
28.Mar.15;4,42 ;3,11 ;3,72 ;3,72 ;2,08 ;2,15 ;1,95 
31.Mar.15;4,46 ;3,23 ;3,72 ;3,72 ;2,08 ;2,15 ;1,95 
1.Nis.15;4,46 ;3,23 ;3,72 ;3,72 ;2,02 ;2,10 ;1,90 
2.Nis.15;4,39 ;3,23 ;3,72 ;3,72 ;2,02 ;2,10 ;1,90 
3.Nis.15;4,39 ;3,23 ;3,76 ;3,76 ;2,02 ;2,10 ;1,90 
4.Nis.15;4,39 ;3,12 ;3,76 ;3,76 ;2,02 ;2,10 ;1,90 
16.Nis.15;4,50 ;3,23 ;3,76 ;3,76 ;2,13 ;2,20 ;2,00 
17.Nis.15;4,57 ;3,29 ;3,90 ;3,90 ;2,18 ;2,24 ;2,04 
21.Nis.15;4,57 ;3,29 ;3,90 ;3,90 ;2,21 ;2,26 ;2,07 
22.Nis.15;4,60 ;3,28 ;3,96 ;3,94 ;2,21 ;2,26 ;2,07 
29.Nis.15;4,70 ;3,36 ;4,05 ;4,03 ;2,21 ;2,26 ;2,07 
1.May.15;4,70 ;3,36 ;4,05 ;4,03 ;2,27 ;2,29 ;2,09 
9.May.15;4,70 ;3,41 ;4,05 ;4,03 ;2,34 ;2,33 ;2,13 
12.May.15;4,70 ;3,41 ;4,05 ;4,03 ;2,34 ;2,33 ;2,13 
15.May.15;4,70 ;3,41 ;4,05 ;4,03 ;2,34 ;2,33 ;2,13 
21.May.15;4,70 ;3,24 ;4,05 ;4,03 ;2,24 ;2,18 ;1,99 
22.May.15;4,65 ;3,24 ;4,05 ;4,03 ;2,24 ;2,18 ;1,99 
23.May.15;4,65 ;3,29 ;4,06 ;4,04 ;2,24 ;2,18 ;1,99 
26.May.15;4,65 ;3,29 ;4,01 ;3,99 ;2,24 ;2,18 ;1,99 
27.May.15;4,65 ;3,29 ;4,01 ;3,99 ;2,29 ;2,22 ;2,04 
10.Haz.15;4,80 ;3,29 ;4,01 ;3,99 ;2,29 ;2,22 ;2,04 
13.Haz.15;4,87 ;3,29 ;4,01 ;3,99 ;2,29 ;2,22 ;2,04 
16.Haz.15;4,87 ;3,38 ;4,01 ;3,99 ;2,31 ;2,28 ;2,11 
19.Haz.15;4,89 ;3,38 ;4,01 ;3,99 ;2,31 ;2,28 ;2,11 
24.Haz.15;4,75 ;3,38 ;4,01 ;3,99 ;2,31 ;2,28 ;2,11 
30.Haz.15;4,75 ;3,30 ;4,02 ;4,00 ;2,31 ;2,28 ;2,11 
2.Tem.15;4,75 ;3,30 ;4,02 ;4,00 ;2,28 ;2,25 ;2,08 
8.Tem.15;4,75 ;3,30 ;4,02 ;4,00 ;2,17 ;2,15 ;1,97 
9.Tem.15;4,75 ;3,13 ;3,85 ;3,83 ;2,12 ;2,10 ;1,91 
11.Tem.15;4,75 ;3,13 ;3,85 ;3,83 ;2,17 ;2,15 ;1,96 
14.Tem.15;4,76 ;3,13 ;3,86 ;3,84 ;2,17 ;2,15 ;1,96 
21.Tem.15;4,64 ;3,13 ;3,86 ;3,84 ;2,10 ;2,09 ;1,90 
23.Tem.15;4,64 ;3,13 ;3,86 ;3,84 ;2,13 ;2,13 ;1,94 
31.Tem.15;4,64 ;3,13 ;3,86 ;3,84 ;2,13 ;2,13 ;1,93 
5.Ağu.15;4,64 ;3,13 ;3,86 ;3,84 ;2,07 ;2,06 ;1,86 
6.Ağu.15;4,55 ;3,07 ;3,86 ;3,84 ;2,07 ;2,06 ;1,86 
8.Ağu.15;4,55 ;3,07 ;3,78 ;3,76 ;2,07 ;2,06 ;1,86 
15.Ağu.15;4,55 ;3,07 ;3,78 ;3,76 ;2,04 ;2,02 ;1,83 
20.Ağu.15;4,55 ;3,07 ;3,84 ;3,82 ;2,04 ;2,02 ;1,83 
22.Ağu.15;4,55 ;3,17 ;3,84 ;3,82 ;2,04 ;2,02 ;1,83 
25.Ağu.15;4,55 ;3,09 ;3,84 ;3,82 ;2,04 ;2,02 ;1,83 
26.Ağu.15;4,40 ;3,09 ;3,84 ;3,82 ;1,97 ;1,94 ;1,74 
27.Ağu.15;4,40 ;3,09 ;3,75 ;3,73 ;1,95 ;1,91 ;1,74 
28.Ağu.15;4,35 ;3,09 ;3,75 ;3,73 ;1,95 ;1,91 ;1,74 
29.Ağu.15;4,40 ;3,09 ;3,75 ;3,73 ;1,95 ;1,91 ;1,74 
1.Eyl.15;4,49 ;3,09 ;3,89 ;3,87 ;2,09 ;2,04 ;1,88 
3.Eyl.15;4,49 ;3,21 ;3,89 ;3,87 ;2,09 ;2,04 ;1,88 
10.Eyl.15;4,55 ;3,21 ;3,89 ;3,87 ;2,09 ;2,04 ;1,88 
11.Eyl.15;4,55 ;3,25 ;3,92 ;3,90 ;2,09 ;2,04 ;1,88 
17.Eyl.15;4,44 ;3,25 ;3,92 ;3,90 ;2,07 ;2,02 ;1,87 
18.Eyl.15;4,49 ;3,25 ;3,92 ;3,90 ;2,11 ;2,05 ;1,91 
19.Eyl.15;4,51 ;3,25 ;3,92 ;3,90 ;2,09 ;2,03 ;1,88 
22.Eyl.15;4,51 ;3,25 ;3,92 ;3,90 ;2,05 ;1,99 ;1,84 
30.Eyl.15;4,51 ;3,20 ;3,92 ;3,90 ;2,05 ;1,99 ;1,84 
7.Eki.15;4,51 ;3,20 ;3,92 ;3,90 ;2,11 ;2,07 ;1,91 
8.Eki.15;4,51 ;3,20 ;3,92 ;3,90 ;2,14 ;2,11 ;1,92 
10.Eki.15;4,51 ;3,20 ;3,92 ;3,90 ;2,14 ;2,11 ;1,92 
15.Eki.15;4,51 ;3,20 ;3,80 ;3,78 ;2,05 ;2,05 ;1,87 
16.Eki.15;4,41 ;3,20 ;3,80 ;3,78 ;2,05 ;2,05 ;1,87 
17.Eki.15;4,36 ;3,20 ;3,80 ;3,78 ;2,00 ;1,99 ;1,81 
20.Eki.15;4,36 ;3,20 ;3,80 ;3,78 ;2,03 ;2,03 ;1,83 
21.Eki.15;4,36 ;3,09 ;3,80 ;3,78 ;1,99 ;1,98 ;1,80 
22.Eki.15;4,36 ;3,09 ;3,80 ;3,78 ;2,01 ;2,02 ;1,80 
28.Eki.15;4,36 ;3,09 ;3,75 ;3,73 ;2,01 ;2,02 ;1,80 
5.Kas.15;4,36 ;3,09 ;3,75 ;3,73 ;2,01 ;1,99 ;1,81 
12.Kas.15;4,37 ;3,09 ;3,76 ;3,74 ;2,00 ;2,00 ;1,77 
14.Kas.15;4,37 ;3,09 ;3,76 ;3,74 ;1,94 ;1,95 ;1,69 
18.Kas.15;4,28 ;2,98 ;3,76 ;3,74 ;1,90 ;1,92 ;1,66 
19.Kas.15;4,28 ;2,98 ;3,70 ;3,68 ;1,90 ;1,92 ;1,66 
25.Kas.15;4,28 ;3,03 ;3,70 ;3,68 ;1,93 ;1,94 ;1,70 
26.Kas.15;4,40 ;3,03 ;3,70 ;3,68 ;1,93 ;1,94 ;1,70 
4.Ara.15;4,40 ;3,03 ;3,70 ;3,68 ;1,86 ;1,90 ;1,64 
5.Ara.15;4,40 ;2,97 ;3,62 ;3,60 ;1,86 ;1,90 ;1,64 
8.Ara.15;4,32 ;2,97 ;3,62 ;3,60 ;1,86 ;1,89 ;1,62 
9.Ara.15;4,28 ;2,97 ;3,62 ;3,60 ;1,81 ;1,85 ;1,56 
11.Ara.15;4,28 ;2,91 ;3,55 ;3,53 ;1,81 ;1,85 ;1,56 
15.Ara.15;4,28 ;2,86 ;3,47 ;3,45 ;1,81 ;1,85 ;1,56 
16.Ara.15;4,28 ;2,86 ;3,47 ;3,45 ;1,76 ;1,84 ;1,56 
17.Ara.15;4,28 ;2,86 ;3,47 ;3,45 ;1,78 ;1,85 ;1,58 
18.Ara.15;4,28 ;2,86 ;3,47 ;3,45 ;1,76 ;1,83 ;1,56 
22.Ara.15;4,28 ;2,86 ;3,47 ;3,45 ;1,75 ;1,79 ;1,54 
23.Ara.15;4,28 ;2,86 ;3,47 ;3,45 ;1,71 ;1,75 ;1,51 
26.Ara.15;4,28 ;2,86 ;3,47 ;3,45 ;1,75 ;1,79 ;1,54 
1.Oca.16;4,28 ;2,86 ;3,47 ;3,45 ;1,75 ;1,79 ;1,54 
6.Oca.16;4,28 ;2,81 ;3,47 ;3,45 ;1,75 ;1,79 ;1,54 
12.Oca.16;4,28 ;2,81 ;3,39 ;3,37 ;1,68 ;1,74 ;1,50 
13.Oca.16;4,28 ;2,75 ;3,39 ;3,37 ;1,67 ;1,72 ;1,48 
14.Oca.16;4,21 ;2,75 ;3,40 ;3,38 ;1,65 ;1,70 ;1,48 
15.Oca.16;4,21 ;2,70 ;3,34 ;3,32 ;1,65 ;1,70 ;1,48 
20.Oca.16;4,21 ;2,70 ;3,34 ;3,32 ;1,60 ;1,66 ;1,45 
21.Oca.16;4,21 ;2,65 ;3,34 ;3,32 ;1,60 ;1,66 ;1,45 
22.Oca.16;4,21 ;2,59 ;3,24 ;3,22 ;1,60 ;1,66 ;1,45 
23.Oca.16;4,21 ;2,63 ;3,28 ;3,26 ;1,60 ;1,70 ;1,48 
26.Oca.16;4,21 ;2,70 ;3,35 ;3,33 ;1,66 ;1,75 ;1,54 
30.Oca.16;4,21 ;2,78 ;3,35 ;3,33 ;1,72 ;1,79 ;1,59 
2.Şub.16;4,21 ;2,78 ;3,41 ;3,39 ;1,72 ;1,79 ;1,59 
4.Şub.16;4,21 ;2,78 ;3,36 ;3,34 ;1,72 ;1,79 ;1,59 
5.Şub.16;4,21 ;2,78 ;3,40 ;3,38 ;1,72 ;1,79 ;1,59 
6.Şub.16;4,14 ;2,78 ;3,40 ;3,38 ;1,72 ;1,79 ;1,59 
9.Şub.16;4,14 ;2,78 ;3,40 ;3,38 ;1,68 ;1,74 ;1,55 
10.Şub.16;4,08 ;2,78 ;3,40 ;3,38 ;1,68 ;1,74 ;1,55 
11.Şub.16;4,01 ;2,78 ;3,40 ;3,38 ;1,64 ;1,72 ;1,53 
12.Şub.16;4,01 ;2,64 ;3,40 ;3,38 ;1,62 ;1,70 ;1,50 
13.Şub.16;4,01 ;2,64 ;3,33 ;3,31 ;1,61 ;1,69 ;1,47 
16.Şub.16;4,01 ;2,73 ;3,40 ;3,38 ;1,67 ;1,74 ;1,52 
17.Şub.16;4,10 ;2,73 ;3,40 ;3,38 ;1,67 ;1,74 ;1,52 
18.Şub.16;4,05 ;2,73 ;3,40 ;3,38 ;1,67 ;1,74 ;1,52 
19.Şub.16;4,09 ;2,73 ;3,40 ;3,38 ;1,67 ;1,74 ;1,52 
23.Şub.16;4,04 ;2,73 ;3,40 ;3,38 ;1,67 ;1,74 ;1,52 
24.Şub.16;4,09 ;2,73 ;3,40 ;3,38 ;1,67 ;1,74 ;1,52 
25.Şub.16;4,03 ;2,73 ;3,40 ;3,38 ;1,67 ;1,74 ;1,52 
27.Şub.16;4,09 ;2,73 ;3,40 ;3,38 ;1,65 ;1,72 ;1,52 
1.Mar.16;4,14 ;2,73 ;3,40 ;3,38 ;1,69 ;1,74 ;1,55 
3.Mar.16;4,14 ;2,79 ;3,40 ;3,38 ;1,69 ;1,74 ;1,55 
4.Mar.16;4,14 ;2,79 ;3,47 ;3,45 ;1,69 ;1,74 ;1,55 
9.Mar.16;4,14 ;2,79 ;3,47 ;3,45 ;1,76 ;1,79 ;1,59 
10.Mar.16;4,22 ;2,85 ;3,55 ;3,53 ;1,78 ;1,82 ;1,60 
11.Mar.16;4,28 ;2,85 ;3,55 ;3,53 ;1,80 ;1,83 ;1,62 
12.Mar.16;4,24 ;2,85 ;3,55 ;3,53 ;1,77 ;1,80 ;1,60 
15.Mar.16;4,30 ;2,85 ;3,55 ;3,53 ;1,77 ;1,80 ;1,60 
22.Mar.16;4,30 ;2,85 ;3,55 ;3,53 ;1,75 ;1,78 ;1,57 
24.Mar.16;4,30 ;2,89 ;3,55 ;3,53 ;1,76 ;1,79 ;1,59 
26.Mar.16;4,30 ;2,89 ;3,55 ;3,53 ;1,72 ;1,77 ;1,56 
29.Mar.16;4,30 ;2,85 ;3,55 ;3,53 ;1,72 ;1,77 ;1,56 
31.Mar.16;4,30 ;2,85 ;3,47 ;3,45 ;1,72 ;1,77 ;1,56 
6.Nis.16;4,30 ;2,75 ;3,47 ;3,45 ;1,61 ;1,68 ;1,51 
7.Nis.16;4,30 ;2,72 ;3,47 ;3,45 ;1,61 ;1,68 ;1,51 
8.Nis.16;4,30 ;2,76 ;3,44 ;3,42 ;1,61 ;1,68 ;1,51 
9.Nis.16;4,27 ;2,76 ;3,44 ;3,42 ;1,63 ;1,71 ;1,55 
12.Nis.16;4,34 ;2,85 ;3,52 ;3,50 ;1,71 ;1,78 ;1,61 
13.Nis.16;4,34 ;2,85 ;3,52 ;3,50 ;1,72 ;1,79 ;1,61 
15.Nis.16;4,40 ;2,85 ;3,58 ;3,56 ;1,72 ;1,79 ;1,61 
20.Nis.16;4,33 ;2,85 ;3,58 ;3,56 ;1,72 ;1,79 ;1,61 
21.Nis.16;4,33 ;2,89 ;3,58 ;3,56 ;1,72 ;1,79 ;1,61 
26.Nis.16;4,33 ;2,89 ;3,58 ;3,56 ;1,78 ;1,82 ;1,65 
27.Nis.16;4,39 ;2,89 ;3,65 ;3,63 ;1,78 ;1,82 ;1,65 
29.Nis.16;4,39 ;2,93 ;3,65 ;3,63 ;1,78 ;1,82 ;1,65 
3.May.16;4,39 ;2,93 ;3,65 ;3,63 ;1,83 ;1,83 ;1,69 
7.May.16;4,39 ;2,93 ;3,65 ;3,63 ;1,83 ;1,83 ;1,69 
13.May.16;4,39 ;2,93 ;3,76 ;3,74 ;1,96 ;1,90 ;1,81 
14.May.16;4,39 ;2,93 ;3,76 ;3,74 ;1,96 ;1,90 ;1,81 
17.May.16;4,50 ;3,05 ;3,76 ;3,74 ;1,96 ;1,90 ;1,81 
18.May.16;4,55 ;3,10 ;3,76 ;3,74 ;1,96 ;1,90 ;1,81 
21.May.16;4,55 ;3,10 ;3,83 ;3,81 ;2,02 ;1,90 ;1,81 
24.May.16;4,55 ;3,10 ;3,83 ;3,81 ;2,06 ;1,91 ;1,84 
28.May.16;4,55 ;3,14 ;3,83 ;3,81 ;2,06 ;1,91 ;1,84 
8.Haz.16;4,55 ;3,14 ;3,83 ;3,81 ;2,08 ;1,94 ;1,84 
9.Haz.16;4,46 ;3,14 ;3,83 ;3,81 ;2,08 ;1,94 ;1,84 
11.Haz.16;4,46 ;3,14 ;3,83 ;3,81 ;2,12 ;1,99 ;1,85 
14.Haz.16;4,46 ;3,14 ;3,83 ;3,81 ;2,09 ;1,95 ;1,84 
18.Haz.16;4,46 ;3,14 ;3,83 ;3,81 ;2,04 ;1,92 ;1,79 
21.Haz.16;4,46 ;3,08 ;3,83 ;3,81 ;2,07 ;1,94 ;1,82 
22.Haz.16;4,46 ;3,08 ;3,83 ;3,81 ;2,09 ;1,95 ;1,84 
28.Haz.16;4,47 ;3,08 ;3,83 ;3,81 ;2,09 ;1,95 ;1,84 
29.Haz.16;4,43 ;3,08 ;3,83 ;3,81 ;2,09 ;1,95 ;1,84 
2.Tem.16;4,43 ;3,08 ;3,83 ;3,81 ;2,12 ;1,99 ;1,89 
9.Tem.16;4,30 ;3,08 ;3,75 ;3,73 ;2,12 ;1,99 ;1,89 
13.Tem.16;4,30 ;3,02 ;3,75 ;3,73 ;2,07 ;1,99 ;1,85 
22.Tem.16;4,36 ;3,02 ;3,75 ;3,73 ;2,07 ;1,99 ;1,85 
23.Tem.16;4,36 ;3,02 ;3,75 ;3,73 ;2,11 ;2,03 ;1,93 
26.Tem.16;4,36 ;3,04 ;3,75 ;3,73 ;2,11 ;2,03 ;1,93 
27.Tem.16;4,36 ;3,04 ;3,75 ;3,73 ;2,06 ;2,02 ;1,87 
29.Tem.16;4,36 ;2,99 ;3,75 ;3,73 ;2,06 ;2,02 ;1,87 
30.Tem.16;4,31 ;2,99 ;3,66 ;3,64 ;2,06 ;2,02 ;1,87 
2.Ağu.16;4,31 ;2,95 ;3,66 ;3,64 ;2,06 ;2,02 ;1,87 
3.Ağu.16;4,31 ;2,92 ;3,66 ;3,64 ;1,96 ;1,96 ;1,79 
4.Ağu.16;4,31 ;2,92 ;3,61 ;3,59 ;1,96 ;1,95 ;1,78 
6.Ağu.16;4,31 ;2,92 ;3,65 ;3,63 ;2,00 ;1,99 ;1,81 
11.Ağu.16;4,36 ;3,00 ;3,65 ;3,63 ;2,00 ;1,99 ;1,81 
13.Ağu.16;4,36 ;3,00 ;3,73 ;3,71 ;2,00 ;1,99 ;1,81 
16.Ağu.16;4,36 ;3,00 ;3,73 ;3,71 ;2,06 ;2,03 ;1,86 
17.Ağu.16;4,36 ;3,00 ;3,73 ;3,71 ;2,09 ;2,06 ;1,89 
18.Ağu.16;4,36 ;3,07 ;3,80 ;3,78 ;2,09 ;2,06 ;1,89 
19.Ağu.16;4,44 ;3,07 ;3,80 ;3,78 ;2,09 ;2,06 ;1,89 
20.Ağu.16;4,44 ;3,07 ;3,80 ;3,78 ;2,14 ;2,10 ;1,94 
3.Eyl.16;4,44 ;3,07 ;3,80 ;3,78 ;2,14 ;2,10 ;1,94 
6.Eyl.16;4,44 ;3,07 ;3,80 ;3,78 ;2,10 ;2,09 ;1,91 
8.Eyl.16;4,63 ;3,31 ;3,98 ;3,96 ;2,10 ;2,09 ;1,91 
10.Eyl.16;4,75 ;3,32 ;4,04 ;4,02 ;2,10 ;2,09 ;1,91 
17.Eyl.16;4,69 ;3,32 ;4,04 ;4,02 ;2,10 ;2,09 ;1,91 
21.Eyl.16;4,69 ;3,30 ;4,05 ;4,03 ;2,10 ;2,09 ;1,91 
4.Eki.16;4,69 ;3,30 ;4,05 ;4,03 ;2,19 ;2,15 ;1,95 
5.Eki.16;4,69 ;3,41 ;4,05 ;4,03 ;2,22 ;2,19 ;1,95 
6.Eki.16;4,84 ;3,41 ;4,16 ;4,14 ;2,26 ;2,23 ;1,99 
7.Eki.16;4,84 ;3,50 ;4,16 ;4,14 ;2,26 ;2,23 ;1,99 
8.Eki.16;4,84 ;3,50 ;4,16 ;4,14 ;2,32 ;2,29 ;2,02 
12.Eki.16;4,84 ;3,50 ;4,24 ;4,22 ;2,35 ;2,32 ;2,07 
18.Eki.16;4,84 ;3,50 ;4,24 ;4,22 ;2,35 ;2,32 ;2,07 
2.Kas.16;4,84 ;3,50 ;4,24 ;4,22 ;2,26 ;2,23 ;2,03 
3.Kas.16;4,84 ;3,50 ;4,14 ;4,12 ;2,23 ;2,20 ;2,01 
5.Kas.16;4,76 ;3,43 ;4,14 ;4,12 ;2,23 ;2,20 ;2,01 
8.Kas.16;4,76 ;3,43 ;4,09 ;4,07 ;2,23 ;2,20 ;2,01 
15.Kas.16;4,76 ;3,43 ;4,09 ;4,07 ;2,23 ;2,20 ;2,01 
18.Kas.16;4,76 ;3,43 ;4,18 ;4,16 ;2,23 ;2,20 ;2,01 
19.Kas.16;4,76 ;3,56 ;4,18 ;4,16 ;2,23 ;2,20 ;2,01 
22.Kas.16;4,76 ;3,56 ;4,18 ;4,16 ;2,39 ;2,37 ;2,16 
23.Kas.16;4,92 ;3,68 ;4,29 ;4,27 ;2,46 ;2,43 ;2,21 
3.Ara.16;4,92 ;3,68 ;4,29 ;4,27 ;2,47 ;2,52 ;2,34 
6.Ara.16;5,07 ;3,85 ;4,45 ;4,43 ;2,47 ;2,52 ;2,34 
7.Ara.16;5,07 ;3,85 ;4,45 ;4,43 ;2,60 ;2,53 ;2,39 
10.Ara.16;5,07 ;3,85 ;4,45 ;4,43 ;2,48 ;2,42 ;2,28 
13.Ara.16;5,07 ;3,85 ;4,45 ;4,43 ;2,60 ;2,48 ;2,35 
14.Ara.16;5,07 ;3,85 ;4,45 ;4,43 ;2,66 ;2,56 ;2,44 
23.Ara.16;5,17 ;3,85 ;4,45 ;4,43 ;2,66 ;2,56 ;2,44 
31.Ara.16;5,17 ;3,85 ;4,58 ;4,56 ;2,65 ;2,56 ;2,44 
1.Oca.17;5,17 ;3,85 ;4,58 ;4,56 ;2,65 ;2,56 ;2,44 
3.Oca.17;5,17 ;4,02 ;4,58 ;4,56 ;2,71 ;2,62 ;2,51 
7.Oca.17;5,17 ;4,02 ;4,58 ;4,56 ;2,80 ;2,74 ;2,59 
11.Oca.17;5,24 ;4,02 ;4,58 ;4,56 ;2,88 ;2,84 ;2,62 
12.Oca.17;5,24 ;4,02 ;4,58 ;4,56 ;2,86 ;2,80 ;2,62 
13.Oca.17;5,24 ;4,02 ;4,58 ;4,56 ;2,93 ;2,86 ;2,70 
14.Oca.17;5,39 ;4,25 ;4,71 ;4,69 ;2,93 ;2,86 ;2,70 
26.Oca.17;5,39 ;4,15 ;4,65 ;4,63 ;2,83 ;2,74 ;2,63 
28.Oca.17;5,39 ;4,15 ;4,65 ;4,63 ;2,92 ;2,83 ;2,69 
2.Şub.17;5,39 ;4,15 ;4,65 ;4,63 ;2,86 ;2,76 ;2,61 
10.Şub.17;5,33 ;4,15 ;4,65 ;4,63 ;2,86 ;2,76 ;2,61 
14.Şub.17;5,33 ;4,15 ;4,65 ;4,63 ;2,86 ;2,76 ;2,61 
18.Şub.17;5,33 ;4,15 ;4,65 ;4,63 ;2,75 ;2,64 ;2,57 
24.Şub.17;5,22 ;4,15 ;4,65 ;4,63 ;2,75 ;2,64 ;2,57 
2.Mar.17;5,22 ;4,05 ;4,58 ;4,56 ;2,75 ;2,64 ;2,57 
10.Mar.17;5,22 ;4,05 ;4,58 ;4,56 ;2,75 ;2,64 ;2,57 
15.Mar.17;5,14 ;4,05 ;4,58 ;4,56 ;2,59 ;2,50 ;2,41 
17.Mar.17;5,14 ;3,99 ;4,51 ;4,49 ;2,59 ;2,50 ;2,41 
24.Mar.17;5,14 ;3,99 ;4,51 ;4,49 ;2,49 ;2,40 ;2,31 
25.Mar.17;5,14 ;3,99 ;4,44 ;4,42 ;2,49 ;2,40 ;2,31 
1.Nis.17;5,14 ;4,00 ;4,44 ;4,42 ;2,59 ;2,50 ;2,38 
4.Nis.17;5,14 ;4,00 ;4,44 ;4,42 ;2,59 ;2,50 ;2,38 
5.Nis.17;5,26 ;4,00 ;4,53 ;4,51 ;2,59 ;2,50 ;2,38 
8.Nis.17;5,26 ;4,00 ;4,64 ;4,62 ;2,70 ;2,50 ;2,36 
11.Nis.17;5,36 ;4,13 ;4,64 ;4,62 ;2,70 ;2,50 ;2,36 
25.Nis.17;5,36 ;4,13 ;4,64 ;4,62 ;2,58 ;2,37 ;2,26 
26.Nis.17;5,22 ;3,95 ;4,64 ;4,62 ;2,58 ;2,37 ;2,26 
27.Nis.17;5,22 ;3,95 ;4,51 ;4,49 ;2,58 ;2,37 ;2,26 
3.May.17;5,13 ;3,95 ;4,51 ;4,49 ;2,58 ;2,37 ;2,26 
4.May.17;5,13 ;3,95 ;4,51 ;4,49 ;2,58 ;2,37 ;2,26 
5.May.17;5,06 ;3,61 ;4,41 ;4,39 ;2,47 ;2,21 ;2,09 
17.May.17;5,06 ;3,61 ;4,41 ;4,39 ;2,52 ;2,25 ;2,16 
18.May.17;5,12 ;3,61 ;4,48 ;4,46 ;2,52 ;2,25 ;2,16 
23.May.17;5,12 ;3,70 ;4,57 ;4,55 ;2,52 ;2,25 ;2,16 
24.May.17;5,20 ;3,76 ;4,57 ;4,55 ;2,52 ;2,25 ;2,16 
25.May.17;5,20 ;3,76 ;4,57 ;4,55 ;2,57 ;2,29 ;2,19 
2.Haz.17;5,09 ;3,64 ;4,43 ;4,41 ;2,43 ;2,17 ;2,07 
3.Haz.17;5,09 ;3,64 ;4,43 ;4,41 ;2,46 ;2,21 ;2,10 
7.Haz.17;5,09 ;3,64 ;4,43 ;4,41 ;2,39 ;2,16 ;2,05 
9.Haz.17;5,09 ;3,53 ;4,43 ;4,41 ;2,39 ;2,16 ;2,05 
10.Haz.17;5,09 ;3,53 ;4,35 ;4,33 ;2,39 ;2,16 ;2,05 
13.Haz.17;5,02 ;3,53 ;4,35 ;4,33 ;2,39 ;2,16 ;2,05 
17.Haz.17;4,94 ;3,53 ;4,35 ;4,33 ;2,32 ;2,08 ;2,01 
5.Tem.17;5,07 ;3,65 ;4,35 ;4,33 ;2,43 ;2,16 ;2,10 
6.Tem.17;5,07 ;3,65 ;4,46 ;4,44 ;2,43 ;2,16 ;2,10 
12.Tem.17;5,07 ;3,65 ;4,46 ;4,44 ;2,38 ;2,10 ;2,07 
27.Tem.17;5,07 ;3,65 ;4,46 ;4,44 ;2,46 ;2,17 ;2,12 
1.Ağu.17;5,18 ;3,76 ;4,57 ;4,55 ;2,46 ;2,17 ;2,12 
2.Ağu.17;5,18 ;3,76 ;4,57 ;4,55 ;2,46 ;2,17 ;2,12 
22.Ağu.17;5,18 ;3,76 ;4,50 ;4,48 ;2,46 ;2,17 ;2,12 
6.Eyl.17;5,27 ;3,76 ;4,58 ;4,56 ;2,46 ;2,17 ;2,12 
8.Eyl.17;5,27 ;3,81 ;4,64 ;4,62 ;2,52 ;2,20 ;2,15 
27.Eyl.17;5,27 ;3,96 ;4,77 ;4,75 ;2,65 ;2,32 ;2,25 
3.Eki.17;5,27 ;3,96 ;4,77 ;4,75 ;2,65 ;2,32 ;2,25 
14.Eki.17;5,27 ;3,96 ;4,77 ;4,75 ;2,65 ;2,32 ;2,25 
17.Eki.17;5,27 ;3,96 ;4,77 ;4,75 ;2,74 ;2,40 ;2,32 
26.Eki.17;5,36 ;3,96 ;4,77 ;4,75 ;2,74 ;2,40 ;2,32 
28.Eki.17;5,36 ;4,12 ;4,77 ;4,75 ;2,74 ;2,40 ;2,32 
31.Eki.17;5,49 ;4,21 ;4,95 ;4,93 ;2,88 ;2,52 ;2,47 
2.Kas.17;5,49 ;4,21 ;4,95 ;4,93 ;2,88 ;2,52 ;2,47 
7.Kas.17;5,49 ;4,21 ;4,95 ;4,93 ;2,95 ;2,62 ;2,54 
8.Kas.17;5,49 ;4,21 ;4,95 ;4,93 ;3,04 ;2,69 ;2,62 
9.Kas.17;5,62 ;4,21 ;4,95 ;4,93 ;3,04 ;2,69 ;2,62 
10.Kas.17;5,62 ;4,36 ;4,95 ;4,93 ;3,04 ;2,69 ;2,62 
11.Kas.17;5,62 ;4,36 ;5,06 ;5,04 ;3,04 ;2,69 ;2,62 
21.Kas.17;5,62 ;4,36 ;5,06 ;5,04 ;3,02 ;2,65 ;2,59 
22.Kas.17;5,55 ;4,36 ;5,06 ;5,04 ;3,02 ;2,65 ;2,59 
23.Kas.17;5,55 ;4,36 ;5,06 ;5,04 ;3,02 ;2,65 ;2,59 
24.Kas.17;5,63 ;4,36 ;5,06 ;5,04 ;3,02 ;2,65 ;2,59 
8.Ara.17;5,49 ;4,36 ;5,06 ;5,04 ;3,02 ;2,65 ;2,59 
9.Ara.17;5,49 ;4,36 ;5,06 ;5,04 ;2,92 ;2,55 ;2,47 
14.Ara.17;5,58 ;4,36 ;5,06 ;5,04 ;2,92 ;2,55 ;2,47 
22.Ara.17;5,58 ;4,36 ;5,06 ;5,04 ;3,01 ;2,65 ;2,54 
1.Oca.18;5,58 ;4,37 ;5,06 ;5,04 ;3,01 ;2,65 ;2,54 
4.Oca.18;5,58 ;4,37 ;5,06 ;5,04 ;3,01 ;2,65 ;2,54 
6.Oca.18;5,58 ;4,37 ;5,14 ;5,11 ;3,01 ;2,65 ;2,54 
9.Oca.18;5,58 ;4,37 ;5,14 ;5,11 ;3,05 ;2,69 ;2,58 
12.Oca.18;5,58 ;4,47 ;5,14 ;5,11 ;3,05 ;2,69 ;2,58 
16.Oca.18;5,66 ;4,47 ;5,16 ;5,13 ;3,05 ;2,69 ;2,58 
25.Oca.18;5,79 ;4,47 ;5,16 ;5,13 ;3,05 ;2,69 ;2,58 
2.Şub.18;5,79 ;4,47 ;5,16 ;5,13 ;3,05 ;2,69 ;2,58 
9.Şub.18;5,63 ;4,47 ;5,16 ;5,13 ;3,05 ;2,69 ;2,58 
10.Şub.18;5,63 ;4,47 ;5,16 ;5,13 ;2,96 ;2,59 ;2,51 
14.Şub.18;5,53 ;4,33 ;4,99 ;4,96 ;2,96 ;2,59 ;2,51 
24.Şub.18;5,53 ;4,48 ;5,12 ;5,09 ;2,96 ;2,59 ;2,51 
28.Şub.18;5,64 ;4,48 ;5,12 ;5,09 ;2,96 ;2,59 ;2,51 
6.Mar.18;5,64 ;4,48 ;5,12 ;5,09 ;2,96 ;2,59 ;2,51 
9.Mar.18;5,64 ;4,48 ;5,12 ;5,09 ;2,96 ;2,59 ;2,51 
14.Mar.18;5,64 ;4,36 ;5,12 ;5,09 ;2,96 ;2,59 ;2,51 
21.Mar.18;5,80 ;4,36 ;5,12 ;5,09 ;3,10 ;2,70 ;2,61 
22.Mar.18;5,80 ;4,53 ;5,12 ;5,09 ;3,10 ;2,70 ;2,61 
23.Mar.18;5,80 ;4,53 ;5,30 ;5,27 ;3,10 ;2,70 ;2,61 
27.Mar.18;5,92 ;4,53 ;5,30 ;5,27 ;3,10 ;2,70 ;2,61 
28.Mar.18;5,92 ;4,65 ;5,30 ;5,27 ;3,10 ;2,70 ;2,61 
29.Mar.18;5,92 ;4,65 ;5,30 ;5,27 ;3,09 ;2,65 ;2,57 
7.Nis.18;5,92 ;4,65 ;5,30 ;5,27 ;3,09 ;2,65 ;2,57 
12.Nis.18;5,92 ;4,65 ;5,48 ;5,45 ;3,09 ;2,65 ;2,57 
13.Nis.18;5,92 ;4,95 ;5,61 ;5,58 ;3,31 ;2,84 ;2,74 
14.Nis.18;6,08 ;4,95 ;5,61 ;5,58 ;3,31 ;2,84 ;2,74 
18.Nis.18;6,08 ;4,95 ;5,61 ;5,58 ;3,31 ;2,84 ;2,74 
8.May.18;6,08 ;4,95 ;5,61 ;5,58 ;3,44 ;2,97 ;2,87 
10.May.18;6,05 ;4,95 ;5,55 ;5,52 ;3,44 ;2,97 ;2,87 
11.May.18;6,05 ;5,19 ;5,55 ;5,52 ;3,44 ;2,97 ;2,87 
12.May.18;6,05 ;5,19 ;5,55 ;5,52 ;3,56 ;3,09 ;2,99 
15.May.18;6,23 ;5,19 ;5,70 ;5,67 ;3,56 ;3,09 ;2,99 
17.May.18;6,23 ;5,19 ;5,70 ;5,67 ;3,73 ;3,23 ;3,15 
22.May.18;6,23 ;5,44 ;5,70 ;5,67 ;3,85 ;3,34 ;3,27 
25.May.18;6,23 ;5,77 ;5,70 ;5,67 ;4,15 ;3,60 ;3,52 
26.May.18;6,23 ;5,77 ;5,70 ;5,67 ;4,02 ;3,49 ;3,41 
29.May.18;6,23 ;5,57 ;5,70 ;5,67 ;4,02 ;3,49 ;3,41 
30.May.18;6,23 ;5,57 ;5,70 ;5,67 ;3,85 ;3,34 ;3,26 
31.May.18;6,23 ;5,42 ;5,70 ;5,67 ;3,85 ;3,34 ;3,26 
2.Haz.18;6,23 ;5,42 ;5,70 ;5,67 ;3,85 ;3,34 ;3,26 
6.Haz.18;6,23 ;5,42 ;5,70 ;5,67 ;3,85 ;3,34 ;3,26 
3.Tem.18;6,23 ;5,42 ;5,70 ;5,67 ;3,89 ;3,42 ;3,39 
17.Tem.18;6,23 ;5,42 ;5,70 ;5,67 ;3,89 ;3,42 ;3,39 
18.Tem.18;6,23 ;5,42 ;5,70 ;5,67 ;3,89 ;3,42 ;3,39 
31.Tem.18;6,23 ;5,63 ;5,70 ;5,67 ;3,89 ;3,42 ;3,39 
1.Ağu.18;6,23 ;5,63 ;5,70 ;5,67 ;4,08 ;3,59 ;3,54 
10.Ağu.18;6,23 ;5,76 ;5,70 ;5,67 ;4,27 ;3,73 ;3,67 
14.Ağu.18;6,23 ;6,33 ;5,70 ;5,67 ;4,78 ;4,16 ;4,10 
15.Ağu.18;6,23 ;6,97 ;5,70 ;5,67 ;5,45 ;4,72 ;4,66 
16.Ağu.18;6,88 ;6,83 ;6,28 ;6,25 ;5,19 ;4,49 ;4,44 
17.Ağu.18;6,88 ;6,37 ;6,28 ;6,25 ;4,78 ;4,13 ;4,09 
18.Ağu.18;6,88 ;6,13 ;6,28 ;6,25 ;4,57 ;3,96 ;3,92 
28.Ağu.18;6,88 ;6,51 ;6,28 ;6,25 ;4,92 ;4,26 ;4,18 
29.Ağu.18;6,88 ;6,68 ;6,28 ;6,25 ;5,07 ;4,39 ;4,31 
1.Eyl.18;6,88 ;6,92 ;6,28 ;6,25 ;5,30 ;4,58 ;4,49 
4.Eyl.18;6,88 ;6,92 ;6,28 ;6,25 ;5,30 ;4,58 ;4,49 
5.Eyl.18;6,88 ;7,17 ;6,28 ;6,25 ;5,47 ;4,71 ;4,59 
8.Eyl.18;6,94 ;7,02 ;6,32 ;6,29 ;5,37 ;4,62 ;4,60 
13.Eyl.18;6,93 ;6,85 ;6,32 ;6,29 ;5,24 ;4,52 ;4,54 
18.Eyl.18;6,93 ;6,52 ;6,32 ;6,29 ;4,93 ;4,26 ;4,26 
19.Eyl.18;6,93 ;6,67 ;6,32 ;6,29 ;5,06 ;4,37 ;4,37 
26.Eyl.18;6,93 ;6,67 ;6,32 ;6,29 ;5,06 ;4,37 ;4,37 
27.Eyl.18;6,93 ;6,67 ;6,32 ;6,29 ;5,19 ;4,50 ;4,47 
4.Eki.18;6,93 ;6,90 ;6,32 ;6,29 ;5,19 ;4,50 ;4,47 
6.Eki.18;6,93 ;6,90 ;6,32 ;6,29 ;5,46 ;4,79 ;4,71 
16.Eki.18;6,96 ;6,90 ;6,35 ;6,32 ;5,12 ;4,48 ;4,43 
19.Eki.18;6,95 ;6,56 ;6,35 ;6,32 ;4,92 ;4,30 ;4,28 
18.Eki.18;6,95 ;6,56 ;6,35 ;6,32 ;4,92 ;4,30 ;4,28 
20.Eki.18;6,99 ;6,56 ;6,37 ;6,34 ;4,92 ;4,30 ;4,28 
31.Eki.18;6,98 ;6,37 ;6,37 ;6,34 ;4,92 ;4,30 ;4,28 
3.Kas.18;6,81 ;6,37 ;6,37 ;6,34 ;4,92 ;4,30 ;4,28 
6.Kas.18;6,81 ;6,14 ;6,37 ;6,34 ;4,63 ;4,08 ;4,12 
7.Kas.18;6,84 ;6,14 ;6,38 ;6,35 ;4,63 ;4,08 ;4,12 
8.Kas.18;6,63 ;5,94 ;6,38 ;6,35 ;4,63 ;4,08 ;4,12 
9.Kas.18;6,63 ;5,94 ;6,38 ;6,35 ;4,56 ;3,99 ;3,97 
17.Kas.18;6,63 ;5,94 ;6,38 ;6,35 ;4,39 ;3,84 ;3,82 
20.Kas.18;6,44 ;5,94 ;6,38 ;6,35 ;4,39 ;3,84 ;3,82 
22.Kas.18;6,44 ;5,66 ;6,38 ;6,35 ;4,20 ;3,68 ;3,66 
23.Kas.18;6,44 ;5,66 ;6,26 ;6,23 ;4,20 ;3,68 ;3,66 
24.Kas.18;6,32 ;5,66 ;6,30 ;6,26 ;4,20 ;3,68 ;3,66 
27.Kas.18;6,19 ;5,43 ;6,10 ;6,06 ;3,96 ;3,48 ;3,46 
29.Kas.18;6,14 ;5,38 ;6,05 ;6,01 ;3,91 ;3,43 ;3,41 
4.Ara.18;6,14 ;5,38 ;6,05 ;6,01 ;3,91 ;3,43 ;3,41 
5.Ara.18;6,14 ;5,30 ;5,97 ;5,93 ;3,91 ;3,43 ;3,41 
6.Ara.18;6,14 ;5,40 ;5,97 ;5,93 ;3,91 ;3,43 ;3,41 
20.Ara.18;6,14 ;5,40 ;5,97 ;5,93 ;3,67 ;3,18 ;3,14 
21.Ara.18;6,14 ;5,22 ;5,97 ;5,93 ;3,67 ;3,18 ;3,14 
22.Ara.18;6,14 ;5,09 ;5,97 ;5,93 ;3,67 ;3,18 ;3,14 
25.Ara.18;5,89 ;5,09 ;5,71 ;5,67 ;3,51 ;3,06 ;2,99 
1.Oca.19;5,89 ;5,09 ;5,71 ;5,67 ;3,51 ;3,07 ;3,00 
3.Oca.19;5,89 ;4,96 ;5,71 ;5,67 ;3,51 ;3,07 ;3,00 
4.Oca.19;5,89 ;5,11 ;5,71 ;5,67 ;3,51 ;3,07 ;3,00 
8.Oca.19;5,89 ;5,11 ;5,71 ;5,67 ;3,75 ;3,31 ;3,22 
9.Oca.19;5,99 ;5,28 ;5,89 ;5,85 ;3,75 ;3,31 ;3,22 
10.Oca.19;6,06 ;5,28 ;5,89 ;5,85 ;3,85 ;3,40 ;3,29 
11.Oca.19;6,06 ;5,46 ;5,89 ;5,85 ;3,96 ;3,49 ;3,44 
15.Oca.19;6,22 ;5,46 ;6,09 ;6,05 ;3,96 ;3,49 ;3,44 
16.Oca.19;6,22 ;5,46 ;6,09 ;6,05 ;3,96 ;3,49 ;3,44 
22.Oca.19;6,22 ;5,46 ;6,09 ;6,05 ;3,96 ;3,49 ;3,44 
25.Oca.19;6,22 ;5,46 ;6,09 ;6,05 ;3,96 ;3,49 ;3,44 
26.Oca.19;6,22 ;5,31 ;6,09 ;6,05 ;3,96 ;3,49 ;3,44 
30.Oca.19;6,06 ;5,31 ;6,09 ;6,05 ;3,96 ;3,49 ;3,44 
5.Şub.19;6,11 ;5,31 ;6,09 ;6,05 ;3,96 ;3,49 ;3,44 
14.Şub.19;6,11 ;5,31 ;6,09 ;6,05 ;4,05 ;3,62 ;3,56 
19.Şub.19;6,39 ;5,31 ;6,09 ;6,05 ;4,05 ;3,62 ;3,56 
20.Şub.19;6,39 ;5,55 ;6,09 ;6,05 ;4,22 ;3,75 ;3,69 
26.Şub.19;6,55 ;5,55 ;6,37 ;6,33 ;4,22 ;3,75 ;3,69 
27.Şub.19;6,44 ;5,55 ;6,37 ;6,33 ;4,22 ;3,75 ;3,69 
2.Mar.19;6,44 ;5,55 ;6,37 ;6,33 ;4,22 ;3,75 ;3,69 
12.Mar.19;6,60 ;5,55 ;6,37 ;6,33 ;4,22 ;3,75 ;3,69 
19.Mar.19;6,73 ;5,55 ;6,37 ;6,33 ;4,22 ;3,75 ;3,69 
20.Mar.19;6,73 ;5,55 ;6,37 ;6,33 ;4,22 ;3,75 ;3,69 
27.Mar.19;6,73 ;5,76 ;6,37 ;6,33 ;4,22 ;3,75 ;3,69 
29.Mar.19;6,73 ;5,56 ;6,37 ;6,33 ;4,22 ;3,75 ;3,69 
2.Nis.19;6,73 ;5,72 ;6,37 ;6,33 ;4,35 ;3,85 ;3,87 
3.Nis.19;6,92 ;5,72 ;6,37 ;6,33 ;4,35 ;3,85 ;3,87 
10.Nis.19;7,05 ;5,72 ;6,43 ;6,39 ;4,35 ;3,85 ;3,87 
12.Nis.19;7,05 ;5,87 ;6,43 ;6,39 ;4,35 ;3,85 ;3,87 
16.Nis.19;7,06 ;5,87 ;6,43 ;6,39 ;4,53 ;3,97 ;3,98 
23.Nis.19;7,08 ;5,87 ;6,46 ;6,42 ;4,53 ;3,97 ;3,98 
25.Nis.19;7,08 ;6,08 ;6,46 ;6,42 ;4,53 ;3,97 ;3,98 
30.Nis.19;7,08 ;6,08 ;6,46 ;6,42 ;4,59 ;4,04 ;4,03 
3.May.19;7,08 ;6,08 ;6,46 ;6,42 ;4,72 ;4,17 ;4,07 
7.May.19;7,08 ;6,08 ;6,46 ;6,42 ;4,72 ;4,17 ;4,07 
11.May.19;7,08 ;6,08 ;6,46 ;6,42 ;4,72 ;4,17 ;4,07 
15.May.19;7,08 ;6,21 ;6,46 ;6,42 ;4,72 ;4,17 ;4,07 
17.May.19;7,08 ;6,21 ;6,46 ;6,42 ;4,70 ;4,07 ;4,01 
22.May.19;7,08 ;6,21 ;6,46 ;6,42 ;4,83 ;4,28 ;4,08 
25.May.19;7,08 ;6,21 ;6,46 ;6,42 ;4,63 ;4,11 ;3,88 
29.May.19;7,08 ;5,97 ;6,46 ;6,42 ;4,63 ;4,11 ;3,88 
30.May.19;7,08 ;5,97 ;6,46 ;6,42 ;4,63 ;4,11 ;3,88 
1.Haz.19;7,08 ;5,97 ;6,46 ;6,42 ;4,63 ;4,11 ;3,88 
4.Haz.19;6,98 ;5,97 ;6,46 ;6,42 ;4,63 ;4,11 ;3,88 
8.Haz.19;6,80 ;5,51 ;6,25 ;6,21 ;4,25 ;3,88 ;3,55 
13.Haz.19;6,82 ;5,51 ;6,27 ;6,23 ;4,25 ;3,88 ;3,55 
18.Haz.19;6,82 ;5,51 ;6,27 ;6,23 ;4,24 ;3,78 ;3,54 
20.Haz.19;6,82 ;5,65 ;6,27 ;6,23 ;4,24 ;3,78 ;3,54 
25.Haz.19;6,82 ;5,65 ;6,48 ;6,44 ;4,24 ;3,78 ;3,54 
27.Haz.19;6,82 ;5,65 ;6,48 ;6,44 ;4,40 ;3,95 ;3,73 
28.Haz.19;6,82 ;5,84 ;6,48 ;6,44 ;4,40 ;3,95 ;3,73 
2.Tem.19;7,09 ;5,84 ;6,48 ;6,44 ;4,40 ;3,95 ;3,73 
5.Tem.19;6,97 ;5,61 ;6,48 ;6,44 ;4,40 ;3,95 ;3,73 
9.Tem.19;6,97 ;5,61 ;6,33 ;6,29 ;4,30 ;3,91 ;3,67 
10.Tem.19;6,97 ;5,61 ;6,33 ;6,29 ;4,40 ;4,00 ;3,74 
13.Tem.19;6,97 ;5,84 ;6,33 ;6,29 ;4,40 ;4,00 ;3,74 
17.Tem.19;7,09 ;5,84 ;6,48 ;6,44 ;4,40 ;4,00 ;3,74 
18.Tem.19;7,08 ;5,84 ;6,51 ;6,47 ;4,40 ;4,00 ;3,74 
20.Tem.19;6,96 ;5,84 ;6,51 ;6,47 ;4,18 ;3,72 ;3,57 
23.Tem.19;6,96 ;5,84 ;6,38 ;6,34 ;4,18 ;3,72 ;3,57 
25.Tem.19;6,96 ;5,75 ;6,38 ;6,34 ;4,18 ;3,72 ;3,57 
31.Tem.19;6,96 ;5,75 ;6,38 ;6,34 ;4,31 ;3,90 ;3,58 
2.Ağu.19;6,96 ;5,75 ;6,38 ;6,34 ;4,31 ;3,90 ;3,58 
7.Ağu.19;6,96 ;5,50 ;6,38 ;6,34 ;4,06 ;3,64 ;3,32 
8.Ağu.19;6,68 ;5,50 ;6,38 ;6,34 ;4,06 ;3,64 ;3,32 
9.Ağu.19;6,50 ;5,31 ;6,04 ;6,00 ;3,80 ;3,39 ;2,99 
16.Ağu.19;6,50 ;5,42 ;6,04 ;6,00 ;3,80 ;3,39 ;2,99 
17.Ağu.19;6,50 ;5,42 ;6,04 ;6,00 ;3,89 ;3,43 ;2,94 
20.Ağu.19;6,56 ;5,42 ;6,21 ;6,17 ;3,92 ;3,48 ;3,00 
22.Ağu.19;6,56 ;5,42 ;6,21 ;6,17 ;4,02 ;3,56 ;3,04 
23.Ağu.19;6,56 ;5,64 ;6,21 ;6,17 ;4,11 ;3,66 ;3,11 
27.Ağu.19;6,73 ;5,64 ;6,32 ;6,28 ;4,11 ;3,66 ;3,11 
3.Eyl.19;6,73 ;5,64 ;6,32 ;6,28 ;3,99 ;3,47 ;3,04 
4.Eyl.19;6,73 ;5,64 ;6,32 ;6,28 ;3,88 ;3,34 ;2,89 
6.Eyl.19;6,73 ;5,64 ;6,32 ;6,28 ;3,88 ;3,34 ;2,89 
7.Eyl.19;6,73 ;5,64 ;6,32 ;6,28 ;4,06 ;3,55 ;3,05 
13.Eyl.19;6,73 ;5,64 ;6,32 ;6,28 ;4,02 ;3,45 ;2,94 
17.Eyl.19;6,73 ;5,64 ;6,39 ;6,35 ;4,03 ;3,54 ;3,03 
18.Eyl.19;7,08 ;6,03 ;6,51 ;6,47 ;4,45 ;3,92 ;3,64 
20.Eyl.19;7,08 ;6,03 ;6,51 ;6,47 ;4,19 ;3,63 ;3,36 
26.Eyl.19;7,08 ;5,84 ;6,51 ;6,47 ;4,19 ;3,63 ;3,36 
27.Eyl.19;6,83 ;5,84 ;6,51 ;6,47 ;4,19 ;3,63 ;3,36 
1.Eki.19;6,83 ;5,84 ;6,51 ;6,47 ;4,08 ;3,54 ;3,11 
2.Eki.19;6,83 ;5,84 ;6,51 ;6,47 ;4,08 ;3,60 ;3,01 
3.Eki.19;6,83 ;5,84 ;6,44 ;6,40 ;4,09 ;3,64 ;2,91 
4.Eki.19;6,83 ;5,84 ;6,44 ;6,40 ;4,15 ;3,75 ;3,04 
5.Eki.19;6,83 ;5,59 ;6,44 ;6,40 ;4,15 ;3,75 ;3,04 
10.Eki.19;6,83 ;5,71 ;6,44 ;6,40 ;4,15 ;3,75 ;3,04 
12.Eki.19;6,83 ;5,71 ;6,44 ;6,40 ;4,23 ;3,81 ;2,91 
15.Eki.19;6,83 ;5,71 ;6,44 ;6,40 ;4,23 ;3,81 ;2,91 
16.Eki.19;6,83 ;5,71 ;6,44 ;6,40 ;4,22 ;3,79 ;2,77 
22.Eki.19;6,87 ;5,71 ;6,54 ;6,50 ;4,15 ;3,73 ;2,60 
23.Eki.19;6,87 ;5,71 ;6,54 ;6,50 ;4,14 ;3,73 ;2,49 
24.Eki.19;6,87 ;5,71 ;6,54 ;6,50 ;4,20 ;3,76 ;2,69 
26.Eki.19;6,87 ;5,71 ;6,54 ;6,50 ;4,22 ;3,78 ;2,79 
6.Kas.19;6,87 ;5,71 ;6,54 ;6,50 ;4,22 ;3,78 ;2,79 
8.Kas.19;6,87 ;5,71 ;6,54 ;6,50 ;4,18 ;3,79 ;2,65 
16.Kas.19;6,87 ;5,71 ;6,54 ;6,50 ;4,14 ;3,76 ;2,50 
19.Kas.19;6,87 ;5,71 ;6,54 ;6,50 ;4,22 ;3,86 ;2,58 
20.Kas.19;6,87 ;5,71 ;6,54 ;6,50 ;4,11 ;3,76 ;2,49 
26.Kas.19;6,87 ;5,71 ;6,48 ;6,44 ;4,11 ;3,76 ;2,49 
28.Kas.19;6,87 ;5,71 ;6,48 ;6,44 ;4,21 ;3,83 ;2,56 
3.Ara.19;6,87 ;5,71 ;6,48 ;6,44 ;4,13 ;3,78 ;2,41 
4.Ara.19;6,87 ;5,71 ;6,48 ;6,44 ;4,20 ;3,88 ;2,49 
5.Ara.19;6,87 ;5,71 ;6,48 ;6,44 ;4,20 ;3,88 ;2,49 
6.Ara.19;6,87 ;5,71 ;6,48 ;6,44 ;4,20 ;3,88 ;2,49 
7.Ara.19;6,87 ;5,71 ;6,48 ;6,44 ;4,31 ;4,01 ;2,61 
10.Ara.19;6,87 ;5,71 ;6,48 ;6,44 ;4,35 ;4,05 ;2,68 
12.Ara.19;6,87 ;5,71 ;6,48 ;6,44 ;4,45 ;4,17 ;2,79 
13.Ara.19;6,87 ;5,71 ;6,48 ;6,44 ;4,34 ;4,05 ;2,68 
18.Ara.19;6,87 ;5,71 ;6,48 ;6,44 ;4,49 ;4,18 ;2,77 
19.Ara.19;6,87 ;5,71 ;6,48 ;6,44 ;4,60 ;4,31 ;2,84 
20.Ara.19;6,87 ;5,93 ;6,48 ;6,44 ;4,66 ;4,40 ;2,89 
21.Ara.19;6,87 ;5,93 ;6,48 ;6,44 ;4,75 ;4,52 ;2,96 
24.Ara.19;7,03 ;5,93 ;6,54 ;6,50 ;4,75 ;4,52 ;2,96 
1.Oca.20;7,03 ;5,93 ;6,54 ;6,50 ;4,75 ;4,52 ;2,96 
8.Oca.20;7,03 ;5,93 ;6,54 ;6,50 ;4,99 ;4,83 ;3,24 
15.Oca.20;7,03 ;5,93 ;6,54 ;6,50 ;4,66 ;4,50 ;3,13 
16.Oca.20;7,08 ;5,80 ;6,59 ;6,55 ;4,70 ;4,54 ;3,18 
17.Oca.20;7,08 ;5,80 ;6,59 ;6,55 ;4,63 ;4,43 ;3,08 
18.Oca.20;7,08 ;5,80 ;6,59 ;6,55 ;4,67 ;4,50 ;3,15 
25.Oca.20;7,08 ;5,80 ;6,59 ;6,55 ;4,48 ;4,26 ;3,21 
28.Oca.20;6,85 ;5,80 ;6,38 ;6,34 ;4,38 ;4,14 ;3,12 
29.Oca.20;6,75 ;5,48 ;6,38 ;6,34 ;4,31 ;4,11 ;3,04 
31.Oca.20;6,75 ;5,48 ;6,38 ;6,34 ;4,41 ;4,23 ;3,14 
1.Şub.20;6,75 ;5,48 ;6,38 ;6,34 ;4,34 ;4,16 ;3,07 
4.Şub.20;6,75 ;5,48 ;6,38 ;6,34 ;4,26 ;4,06 ;3,02 
5.Şub.20;6,75 ;5,48 ;6,38 ;6,34 ;4,11 ;3,89 ;2,97 
6.Şub.20;6,75 ;5,48 ;6,38 ;6,34 ;4,13 ;3,87 ;3,07 
7.Şub.20;6,75 ;5,41 ;6,38 ;6,34 ;4,23 ;3,96 ;3,11 
8.Şub.20;6,75 ;5,41 ;6,38 ;6,34 ;4,20 ;3,94 ;3,02 
18.Şub.20;6,75 ;5,41 ;6,38 ;6,34 ;4,28 ;3,97 ;3,21 
25.Şub.20;6,92 ;5,41 ;6,38 ;6,34 ;4,28 ;3,97 ;3,21 
26.Şub.20;6,82 ;5,41 ;6,38 ;6,34 ;4,28 ;3,97 ;3,21 
27.Şub.20;6,82 ;5,41 ;6,38 ;6,34 ;4,05 ;3,70 ;3,11 
29.Şub.20;6,65 ;5,05 ;6,25 ;6,21 ;3,87 ;3,57 ;3,00 
3.Mar.20;6,65 ;5,05 ;6,25 ;6,21 ;3,82 ;3,49 ;2,97 
4.Mar.20;6,65 ;5,05 ;6,25 ;6,21 ;3,91 ;3,58 ;3,03 
5.Mar.20;6,65 ;5,05 ;6,25 ;6,21 ;3,91 ;3,58 ;3,03 
10.Mar.20;6,65 ;5,05 ;6,25 ;6,21 ;3,54 ;3,19 ;2,82 
11.Mar.20;6,06 ;4,41 ;5,73 ;5,69 ;3,07 ;2,68 ;2,37 
12.Mar.20;6,06 ;4,48 ;5,73 ;5,69 ;3,21 ;2,89 ;2,39 
13.Mar.20;6,06 ;4,48 ;5,73 ;5,69 ;3,21 ;2,86 ;2,30 
14.Mar.20;5,55 ;4,48 ;5,73 ;5,69 ;3,02 ;2,67 ;2,21 
17.Mar.20;5,62 ;4,31 ;5,73 ;5,69 ;3,03 ;2,68 ;2,25 
18.Mar.20;5,37 ;4,04 ;5,73 ;5,69 ;2,84 ;2,49 ;2,11 
19.Mar.20;5,37 ;3,99 ;5,46 ;5,42 ;2,79 ;2,41 ;2,13 
20.Mar.20;5,21 ;3,64 ;5,26 ;5,22 ;2,60 ;2,24 ;1,99 
21.Mar.20;5,25 ;3,75 ;5,37 ;5,33 ;2,72 ;2,34 ;2,11 
24.Mar.20;5,25 ;3,86 ;5,37 ;5,33 ;2,76 ;2,38 ;2,15 
25.Mar.20;5,03 ;3,69 ;5,37 ;5,33 ;2,69 ;2,31 ;2,09 
26.Mar.20;5,09 ;3,82 ;5,37 ;5,33 ;2,79 ;2,41 ;2,13 
27.Mar.20;5,09 ;3,82 ;5,37 ;5,33 ;2,77 ;2,39 ;2,08 
28.Mar.20;5,22 ;3,82 ;5,37 ;5,33 ;2,80 ;2,43 ;2,12 
31.Mar.20;5,14 ;3,82 ;5,43 ;5,39 ;2,73 ;2,34 ;2,04 
1.Nis.20;5,04 ;3,63 ;5,35 ;5,31 ;2,67 ;2,30 ;1,98 
2.Nis.20;5,12 ;3,63 ;5,35 ;5,31 ;2,73 ;2,37 ;2,00 
3.Nis.20;4,98 ;3,63 ;5,35 ;5,31 ;2,56 ;2,18 ;1,88 
4.Nis.20;5,18 ;3,54 ;5,35 ;5,31 ;2,63 ;2,26 ;2,02 
7.Nis.20;5,33 ;3,70 ;5,35 ;5,31 ;2,87 ;2,51 ;2,23 
8.Nis.20;5,28 ;3,70 ;5,35 ;5,31 ;2,92 ;2,58 ;2,23 
9.Nis.20;5,28 ;3,70 ;5,50 ;5,46 ;2,92 ;2,58 ;2,23 
10.Nis.20;5,16 ;3,61 ;5,41 ;5,37 ;2,92 ;2,58 ;2,23 
11.Nis.20;5,16 ;3,61 ;5,34 ;5,30 ;2,84 ;2,56 ;2,14 
17.Nis.20;5,16 ;3,43 ;5,12 ;5,08 ;2,66 ;2,42 ;1,98 
18.Nis.20;5,31 ;3,56 ;5,23 ;5,19 ;2,66 ;2,42 ;1,98 
21.Nis.20;5,26 ;3,56 ;5,23 ;5,19 ;2,75 ;2,47 ;1,96 
22.Nis.20;5,19 ;3,56 ;5,23 ;5,19 ;2,63 ;2,39 ;1,80 
23.Nis.20;4,88 ;3,21 ;4,82 ;4,78 ;2,41 ;2,23 ;1,63 
25.Nis.20;5,17 ;3,21 ;4,82 ;4,78 ;2,46 ;2,23 ;1,71 
28.Nis.20;5,07 ;3,21 ;4,82 ;4,78 ;2,35 ;2,14 ;1,74 
29.Nis.20;5,07 ;2,97 ;4,82 ;4,78 ;2,35 ;2,14 ;1,74 
30.Nis.20;5,07 ;3,05 ;4,82 ;4,78 ;2,36 ;2,16 ;1,78 
1.May.20;5,23 ;3,15 ;4,82 ;4,78 ;2,41 ;2,15 ;1,86 
5.May.20;5,32 ;3,20 ;5,02 ;4,98 ;2,57 ;2,35 ;1,96 
6.May.20;5,37 ;3,20 ;5,02 ;4,98 ;2,61 ;2,38 ;2,04 
7.May.20;5,57 ;3,40 ;5,29 ;5,25 ;2,83 ;2,56 ;2,25 
8.May.20;5,57 ;3,40 ;5,22 ;5,18 ;2,75 ;2,49 ;2,20 
9.May.20;5,72 ;3,63 ;5,35 ;5,31 ;2,84 ;2,54 ;2,27 
13.May.20;5,72 ;3,56 ;5,35 ;5,31 ;2,81 ;2,52 ;2,20 
14.May.20;5,53 ;3,46 ;5,35 ;5,31 ;2,81 ;2,52 ;2,20 
15.May.20;5,46 ;3,41 ;5,23 ;5,19 ;2,81 ;2,52 ;2,20 
16.May.20;5,55 ;3,57 ;5,34 ;5,30 ;2,86 ;2,58 ;2,35 
19.May.20;5,68 ;3,71 ;5,42 ;5,38 ;2,95 ;2,65 ;2,46 
21.May.20;5,89 ;3,98 ;5,54 ;5,50 ;3,08 ;2,78 ;2,58 
28.May.20;5,89 ;4,10 ;5,54 ;5,50 ;3,08 ;2,78 ;2,46 
29.May.20;5,89 ;4,02 ;5,54 ;5,50 ;3,01 ;2,71 ;2,39 
30.May.20;5,89 ;4,02 ;5,54 ;5,50 ;3,05 ;2,79 ;2,44 
2.Haz.20;5,89 ;4,02 ;5,54 ;5,50 ;3,08 ;2,82 ;2,49 
3.Haz.20;5,89 ;4,02 ;5,54 ;5,50 ;3,18 ;2,91 ;2,63 
4.Haz.20;5,68 ;4,02 ;5,34 ;5,30 ;3,27 ;2,96 ;2,75 
9.Haz.20;6,06 ;4,32 ;5,67 ;5,63 ;3,43 ;3,11 ;2,92 
17.Haz.20;6,06 ;4,32 ;5,67 ;5,63 ;3,33 ;3,00 ;2,83 
18.Haz.20;6,06 ;4,32 ;5,67 ;5,63 ;3,42 ;3,06 ;2,88 
20.Haz.20;6,06 ;4,49 ;5,67 ;5,63 ;3,53 ;3,17 ;3,01 
23.Haz.20;6,36 ;4,59 ;5,94 ;5,91 ;3,62 ;3,27 ;3,09 
25.Haz.20;6,48 ;4,59 ;5,94 ;5,91 ;3,62 ;3,27 ;3,09 
26.Haz.20;6,26 ;4,59 ;5,94 ;5,91 ;3,46 ;3,12 ;2,89 
27.Haz.20;6,26 ;4,42 ;5,94 ;5,91 ;3,46 ;3,12 ;2,89 
30.Haz.20;6,14 ;4,42 ;5,77 ;5,74 ;3,46 ;3,12 ;2,89 
2.Tem.20;6,24 ;4,42 ;5,87 ;5,84 ;3,46 ;3,12 ;2,89 
7.Tem.20;6,24 ;4,52 ;5,97 ;5,94 ;3,62 ;3,27 ;3,00 
8.Tem.20;6,35 ;4,52 ;5,97 ;5,94 ;3,62 ;3,27 ;3,00 
9.Tem.20;6,35 ;4,52 ;5,97 ;5,94 ;3,66 ;3,29 ;3,09 
23.Tem.20;6,35 ;4,69 ;5,97 ;5,94 ;3,72 ;3,32 ;3,20 
29.Tem.20;6,35 ;4,57 ;5,97 ;5,94 ;3,72 ;3,32 ;3,20 
8.Ağu.20;6,35 ;4,72 ;6,13 ;6,10 ;3,84 ;3,48 ;3,28 
12.Ağu.20;6,58 ;4,72 ;6,13 ;6,10 ;3,84 ;3,48 ;3,28 
20.Ağu.20;6,58 ;4,72 ;6,13 ;6,10 ;3,96 ;3,59 ;3,35 
25.Ağu.20;6,58 ;4,72 ;6,13 ;6,10 ;3,79 ;3,47 ;3,22 
26.Ağu.20;6,58 ;4,72 ;6,13 ;6,10 ;3,90 ;3,56 ;3,32 
27.Ağu.20;6,79 ;4,72 ;6,13 ;6,10 ;3,97 ;3,62 ;3,40 
29.Ağu.20;6,64 ;4,72 ;6,13 ;6,10 ;3,97 ;3,62 ;3,40 
4.Eyl.20;6,64 ;4,61 ;6,13 ;6,10 ;3,97 ;3,62 ;3,40 
5.Eyl.20;6,64 ;4,47 ;6,13 ;6,10 ;3,74 ;3,44 ;3,28 
8.Eyl.20;6,64 ;4,47 ;5,92 ;5,89 ;3,74 ;3,44 ;3,28 
10.Eyl.20;6,64 ;4,47 ;5,74 ;5,71 ;3,59 ;3,31 ;3,16 
12.Eyl.20;6,64 ;4,47 ;5,74 ;5,71 ;3,61 ;3,31 ;3,16 
15.Eyl.20;6,52 ;4,47 ;5,74 ;5,71 ;3,61 ;3,31 ;3,16 
18.Eyl.20;6,52 ;4,47 ;5,74 ;5,71 ;3,85 ;3,52 ;3,31 
19.Eyl.20;6,89 ;4,47 ;6,04 ;6,01 ;3,96 ;3,62 ;3,38 
22.Eyl.20;6,89 ;4,71 ;6,04 ;6,01 ;3,96 ;3,62 ;3,38 
23.Eyl.20;6,70 ;4,59 ;6,04 ;6,01 ;3,96 ;3,62 ;3,38 
24.Eyl.20;6,67 ;4,59 ;5,91 ;5,88 ;3,96 ;3,62 ;3,38 
25.Eyl.20;6,67 ;4,59 ;5,91 ;5,88 ;3,96 ;3,62 ;3,38 
30.Eyl.20;6,67 ;4,73 ;5,91 ;5,88 ;3,96 ;3,62 ;3,38 
1.Eki.20;6,80 ;4,73 ;5,91 ;5,88 ;3,96 ;3,62 ;3,38 
3.Eki.20;6,65 ;4,73 ;5,91 ;5,88 ;3,96 ;3,62 ;3,38 
6.Eki.20;6,65 ;4,63 ;5,91 ;5,88 ;3,92 ;3,63 ;3,22 
7.Eki.20;6,65 ;4,77 ;5,91 ;5,88 ;4,03 ;3,74 ;3,32 
8.Eki.20;6,81 ;4,90 ;6,15 ;6,12 ;4,15 ;3,85 ;3,37 
16.Eki.20;6,81 ;4,90 ;6,15 ;6,12 ;4,22 ;3,89 ;3,54 
24.Eki.20;6,69 ;4,90 ;6,15 ;6,12 ;4,19 ;3,88 ;3,66 
31.Eki.20;6,69 ;4,90 ;6,15 ;6,12 ;3,99 ;3,68 ;3,43 
3.Kas.20;6,53 ;4,90 ;6,02 ;5,99 ;3,99 ;3,68 ;3,43 
4.Kas.20;6,53 ;4,84 ;6,02 ;5,99 ;4,13 ;3,82 ;3,51 
5.Kas.20;6,71 ;4,96 ;6,18 ;6,15 ;4,23 ;3,91 ;3,60 
6.Kas.20;6,75 ;5,09 ;6,32 ;6,29 ;4,34 ;4,00 ;3,67 
12.Kas.20;6,94 ;5,09 ;6,32 ;6,29 ;4,34 ;4,00 ;3,67 
17.Kas.20;6,62 ;5,09 ;6,32 ;6,29 ;4,34 ;4,00 ;3,67 
19.Kas.20;6,62 ;5,09 ;6,32 ;6,29 ;4,20 ;3,89 ;3,50 
20.Kas.20;6,62 ;5,09 ;6,30 ;6,27 ;4,20 ;3,89 ;3,50 
25.Kas.20;6,62 ;5,09 ;6,30 ;6,27 ;4,36 ;4,03 ;3,69 
26.Kas.20;6,99 ;5,09 ;6,30 ;6,27 ;4,57 ;4,21 ;3,83 
27.Kas.20;6,99 ;5,44 ;6,58 ;6,55 ;4,57 ;4,21 ;3,83 
2.Ara.20;6,99 ;5,44 ;6,58 ;6,55 ;4,47 ;4,12 ;3,67 
10.Ara.20;6,99 ;5,44 ;6,58 ;6,55 ;4,60 ;4,21 ;3,77 
15.Ara.20;7,16 ;5,61 ;6,58 ;6,55 ;4,60 ;4,21 ;3,77 
16.Ara.20;7,18 ;5,61 ;6,58 ;6,55 ;4,60 ;4,21 ;3,77 
24.Ara.20;7,18 ;5,61 ;6,58 ;6,55 ;4,74 ;4,34 ;3,94 
17.Ara.20;7,18 ;5,61 ;6,58 ;6,55 ;4,74 ;4,34 ;3,94 
29.Ara.20;7,18 ;5,61 ;6,58 ;6,55 ;4,71 ;4,13 ;3,80 
1.Oca.21;7,22 ;5,61 ;6,61 ;6,58 ;4,71 ;4,13 ;3,80 
6.Oca.21;7,15 ;5,61 ;6,61 ;6,58 ;4,71 ;4,13 ;3,80 
7.Oca.21;7,22 ;5,61 ;6,61 ;6,58 ;4,71 ;4,13 ;3,80 
12.Oca.21;7,22 ;5,61 ;6,61 ;6,58 ;4,71 ;4,13 ;3,80 
13.Oca.21;7,22 ;5,61 ;6,61 ;6,58 ;4,90 ;4,34 ;4,03 
14.Oca.21;7,22 ;5,85 ;6,61 ;6,58 ;4,90 ;4,34 ;4,03 
19.Oca.21;7,22 ;5,85 ;6,61 ;6,58 ;4,90 ;4,34 ;4,03 
26.Oca.21;7,22 ;5,85 ;6,61 ;6,58 ;4,90 ;4,34 ;4,03 
28.Oca.21;7,22 ;5,69 ;6,61 ;6,58 ;4,90 ;4,34 ;4,03 
6.Şub.21;7,22 ;5,69 ;6,61 ;6,58 ;5,03 ;4,56 ;3,99 
9.Şub.21;7,27 ;5,69 ;6,66 ;6,63 ;5,03 ;4,56 ;3,99 
10.Şub.21;7,27 ;5,84 ;6,66 ;6,63 ;5,03 ;4,56 ;3,99 
11.Şub.21;7,27 ;5,84 ;6,66 ;6,63 ;5,03 ;4,56 ;3,99 
12.Şub.21;7,27 ;5,84 ;6,66 ;6,63 ;5,03 ;4,56 ;3,99 
16.Şub.21;7,27 ;5,84 ;6,66 ;6,63 ;5,15 ;4,66 ;4,07 
20.Şub.21;7,27 ;6,00 ;6,66 ;6,63 ;5,15 ;4,66 ;4,07 
26.Şub.21;7,27 ;6,00 ;6,66 ;6,63 ;5,51 ;5,00 ;4,34 
27.Şub.21;7,28 ;6,00 ;6,66 ;6,63 ;5,51 ;5,00 ;4,34 
2.Mar.21;7,28 ;6,27 ;6,66 ;6,63 ;5,51 ;5,00 ;4,34 
9.Mar.21;7,28 ;6,27 ;6,66 ;6,63 ;5,89 ;5,40 ;4,67 
11.Mar.21;7,29 ;6,51 ;6,66 ;6,63 ;5,89 ;5,40 ;4,67 
13.Mar.21;7,29 ;6,51 ;6,66 ;6,63 ;5,72 ;5,16 ;4,63 
18.Mar.21;7,08 ;6,51 ;6,46 ;6,44 ;5,72 ;5,16 ;4,63 
23.Mar.21;7,08 ;6,08 ;6,46 ;6,44 ;5,33 ;4,80 ;4,30 
24.Mar.21;7,08 ;6,45 ;6,46 ;6,44 ;5,73 ;5,18 ;4,57 
25.Mar.21;7,08 ;6,27 ;6,46 ;6,44 ;5,53 ;4,99 ;4,41 
26.Mar.21;7,08 ;6,45 ;6,46 ;6,44 ;5,74 ;5,19 ;4,60 
27.Mar.21;7,08 ;6,26 ;6,46 ;6,44 ;5,56 ;5,02 ;4,44 
30.Mar.21;7,08 ;6,49 ;6,46 ;6,44 ;5,77 ;5,20 ;4,60 
8.Nis.21;7,08 ;6,49 ;6,46 ;6,44 ;5,77 ;5,20 ;4,60 
9.Nis.21;7,09 ;6,49 ;6,47 ;6,45 ;5,77 ;5,20 ;4,60 
17.Nis.21;7,09 ;6,72 ;6,47 ;6,45 ;5,77 ;5,20 ;4,60 
21.Nis.21;7,09 ;6,72 ;6,47 ;6,45 ;5,95 ;5,36 ;4,82 
4.May.21;7,09 ;6,86 ;6,47 ;6,45 ;5,95 ;5,36 ;4,82 
7.May.21;7,09 ;7,14 ;6,47 ;6,45 ;6,29 ;5,62 ;5,05 
12.May.21;7,09 ;7,14 ;6,47 ;6,45 ;6,12 ;5,44 ;4,87 
20.May.21;7,71 ;7,14 ;7,23 ;7,20 ;6,12 ;5,44 ;4,87 
24.May.21;7,71 ;7,14 ;7,23 ;7,20 ;6,12 ;5,44 ;4,87 
26.May.21;7,71 ;7,14 ;7,23 ;7,20 ;6,10 ;5,33 ;4,81 
29.May.21;7,73 ;7,14 ;7,25 ;7,22 ;6,21 ;5,46 ;4,98 
5.Haz.21;7,73 ;7,41 ;7,25 ;7,22 ;6,47 ;5,70 ;5,12 
23.Haz.21;7,73 ;7,67 ;7,25 ;7,22 ;6,72 ;5,93 ;5,35 
24.Haz.21;7,75 ;7,67 ;7,26 ;7,23 ;6,72 ;5,93 ;5,35 
2.Tem.21;7,75 ;7,67 ;7,26 ;7,23 ;6,72 ;5,93 ;5,35 
6.Tem.21;7,75 ;7,67 ;7,26 ;7,23 ;6,94 ;6,19 ;5,51 
9.Tem.21;7,75 ;7,67 ;7,26 ;7,23 ;6,68 ;5,96 ;5,22 
13.Tem.21;7,75 ;7,67 ;7,26 ;7,23 ;6,90 ;6,14 ;5,43 
27.Tem.21;7,75 ;7,61 ;7,26 ;7,23 ;6,70 ;5,96 ;5,32 
3.Ağu.21;7,75 ;7,61 ;7,32 ;7,29 ;6,70 ;5,96 ;5,32 
10.Ağu.21;7,75 ;7,61 ;7,30 ;7,27 ;6,70 ;5,96 ;5,32 
11.Ağu.21;7,75 ;7,37 ;7,30 ;7,27 ;6,46 ;5,73 ;5,17 
24.Ağu.21;7,75 ;7,37 ;7,30 ;7,27 ;6,22 ;5,50 ;4,92 
25.Ağu.21;7,75 ;7,37 ;7,30 ;7,27 ;6,38 ;5,65 ;5,08 
1.Eyl.21;7,75 ;7,37 ;7,30 ;7,27 ;6,55 ;5,78 ;5,26 
10.Eyl.21;7,75 ;7,56 ;7,30 ;7,27 ;6,75 ;6,07 ;5,32 
16.Eyl.21;7,78 ;7,56 ;7,32 ;7,29 ;6,75 ;6,07 ;5,32 
21.Eyl.21;7,78 ;7,88 ;7,32 ;7,29 ;6,75 ;6,07 ;5,32 
22.Eyl.21;7,78 ;7,88 ;7,32 ;7,29 ;7,00 ;6,22 ;5,52 
24.Eyl.21;7,78 ;7,88 ;7,32 ;7,29 ;7,00 ;6,22 ;5,52 
28.Eyl.21;7,78 ;7,88 ;7,32 ;7,29 ;7,40 ;6,60 ;5,88 
29.Eyl.21;7,78 ;8,46 ;7,32 ;7,29 ;7,40 ;6,60 ;5,88 
2.Eki.21;7,78 ;8,46 ;7,32 ;7,29 ;7,40 ;6,60 ;5,88 
6.Eki.21;7,78 ;8,46 ;7,32 ;7,29 ;7,76 ;6,89 ;6,25 
7.Eki.21;7,78 ;8,46 ;7,32 ;7,29 ;7,91 ;6,99 ;6,43 
8.Eki.21;7,78 ;8,83 ;7,55 ;7,52 ;7,91 ;6,99 ;6,43 
16.Eki.21;7,92 ;9,23 ;7,96 ;7,93 ;7,91 ;6,99 ;6,43 
19.Eki.21;7,92 ;9,47 ;8,19 ;8,16 ;7,91 ;6,99 ;6,43 
20.Eki.21;7,92 ;9,47 ;8,19 ;8,16 ;8,28 ;7,27 ;6,53 
21.Eki.21;7,95 ;9,47 ;8,21 ;8,18 ;8,28 ;7,27 ;6,53 
26.Eki.21;8,39 ;9,47 ;8,21 ;8,18 ;8,28 ;7,27 ;6,53 
27.Eki.21;8,67 ;9,47 ;8,21 ;8,18 ;8,28 ;7,27 ;6,53 
28.Eki.21;8,42 ;9,47 ;8,21 ;8,18 ;8,48 ;7,47 ;6,58 
29.Eki.21;8,42 ;9,47 ;8,21 ;8,18 ;8,33 ;7,33 ;6,39 
2.Kas.21;8,42 ;9,47 ;8,21 ;8,18 ;8,33 ;7,33 ;6,39 
11.Kas.21;8,10 ;9,47 ;8,21 ;8,18 ;8,33 ;7,33 ;6,39 
16.Kas.21;8,10 ;9,47 ;8,21 ;8,18 ;8,47 ;7,52 ;6,38 
19.Kas.21;8,10 ;9,47 ;8,21 ;8,18 ;8,78 ;7,81 ;6,69 
20.Kas.21;8,62 ;10,00 ;8,71 ;8,68 ;8,78 ;7,81 ;6,69 
23.Kas.21;8,62 ;10,00 ;8,71 ;8,68 ;8,78 ;7,81 ;6,69 
24.Kas.21;8,62 ;10,00 ;8,71 ;8,68 ;9,20 ;8,20 ;7,02 
25.Kas.21;9,68 ;11,14 ;9,79 ;9,76 ;10,10 ;9,00 ;7,74 
26.Kas.21;9,68 ;11,59 ;9,79 ;9,76 ;10,58 ;9,47 ;8,11 
27.Kas.21;9,68 ;11,07 ;9,79 ;9,76 ;10,06 ;9,00 ;7,68 
30.Kas.21;9,68 ;10,01 ;9,79 ;9,76 ;9,18 ;8,27 ;6,96 
1.Ara.21;9,68 ;10,68 ;9,35 ;9,32 ;9,80 ;8,79 ;7,47 
2.Ara.21;9,10 ;10,68 ;9,35 ;9,32 ;9,80 ;8,79 ;7,47 
3.Ara.21;9,54 ;10,68 ;9,35 ;9,32 ;9,80 ;8,79 ;7,47 
7.Ara.21;9,54 ;11,30 ;9,35 ;9,32 ;9,80 ;8,79 ;7,47 
8.Ara.21;9,54 ;11,30 ;10,01 ;9,98 ;9,80 ;8,79 ;7,47 
9.Ara.21;10,31 ;11,74 ;10,32 ;10,29 ;10,73 ;9,61 ;8,08 
10.Ara.21;10,36 ;11,74 ;10,37 ;10,33 ;10,73 ;9,61 ;8,08 
17.Ara.21;10,92 ;12,33 ;10,37 ;10,33 ;10,73 ;9,61 ;8,08 
18.Ara.21;11,61 ;13,03 ;11,51 ;11,47 ;11,81 ;10,50 ;9,04 
21.Ara.21;11,61 ;13,63 ;11,51 ;11,47 ;12,38 ;11,00 ;9,43 
23.Ara.21;11,61 ;11,24 ;11,51 ;11,47 ;10,02 ;8,86 ;7,67 
24.Ara.21;11,61 ;10,97 ;11,51 ;11,47 ;9,74 ;8,61 ;7,46 
25.Ara.21;11,61 ;10,42 ;11,46 ;11,42 ;9,15 ;8,06 ;7,09 
28.Ara.21;11,61 ;10,42 ;11,46 ;11,42 ;9,15 ;8,06 ;7,09 
31.Ara.21;12,29 ;10,42 ;11,46 ;11,42 ;9,15 ;8,06 ;7,09 
1.Oca.22;12,97 ;11,73 ;12,79 ;12,75 ;10,48 ;9,24 ;8,16 
5.Oca.22;12,93 ;11,73 ;12,81 ;12,77 ;10,48 ;9,24 ;8,16 
7.Oca.22;12,93 ;12,44 ;12,81 ;12,77 ;10,48 ;9,24 ;8,16 
8.Oca.22;13,56 ;12,81 ;13,75 ;13,71 ;11,41 ;10,08 ;8,78 
10.Oca.22;13,56 ;12,81 ;13,75 ;13,71 ;11,41 ;10,08 ;8,78 
12.Oca.22;13,56 ;12,81 ;13,75 ;13,71 ;11,41 ;10,08 ;8,78 
14.Oca.22;13,56 ;13,46 ;13,75 ;13,71 ;11,41 ;10,08 ;8,78 
19.Oca.22;13,56 ;13,46 ;14,27 ;14,23 ;11,41 ;10,08 ;8,78 
20.Oca.22;14,05 ;13,46 ;14,33 ;14,29 ;11,41 ;10,08 ;8,78 
21.Oca.22;14,05 ;13,46 ;14,33 ;14,29 ;12,07 ;10,63 ;9,37 
28.Oca.22;14,07 ;13,46 ;14,33 ;14,29 ;12,07 ;10,63 ;9,37 
2.Şub.22;14,46 ;13,46 ;14,65 ;14,61 ;12,07 ;10,63 ;9,37 
4.Şub.22;14,46 ;13,46 ;14,65 ;14,61 ;12,07 ;10,63 ;9,37 
5.Şub.22;14,46 ;14,04 ;14,65 ;14,61 ;12,07 ;10,63 ;9,37 
8.Şub.22;14,46 ;14,43 ;15,45 ;15,41 ;12,91 ;11,43 ;9,75 
9.Şub.22;15,17 ;14,43 ;15,45 ;15,41 ;12,91 ;11,43 ;9,75 
10.Şub.22;15,20 ;14,43 ;15,47 ;15,43 ;12,91 ;11,43 ;9,75 
20.Şub.22;15,20 ;14,43 ;15,55 ;15,51 ;12,91 ;11,43 ;9,75 
23.Şub.22;15,16 ;14,43 ;15,52 ;15,48 ;12,91 ;11,43 ;9,75 
26.Şub.22;16,77 ;14,43 ;17,03 ;16,99 ;12,91 ;11,43 ;9,75 
1.Mar.22;16,54 ;14,43 ;16,10 ;16,06 ;13,36 ;11,80 ;9,91 
2.Mar.22;16,54 ;15,11 ;16,10 ;16,06 ;13,36 ;11,80 ;9,91 
3.Mar.22;17,42 ;16,20 ;17,61 ;17,57 ;14,62 ;12,90 ;10,52 
4.Mar.22;17,95 ;17,36 ;18,94 ;18,90 ;15,60 ;13,63 ;10,97 
5.Mar.22;18,69 ;18,03 ;19,82 ;19,78 ;16,28 ;14,14 ;11,67 
8.Mar.22;19,26 ;19,03 ;21,26 ;21,22 ;16,98 ;14,38 ;11,88 
9.Mar.22;20,33 ;20,48 ;22,85 ;22,81 ;18,35 ;15,52 ;12,99 
10.Mar.22;20,37 ;22,52 ;22,87 ;22,83 ;19,79 ;16,40 ;13,79 
11.Mar.22;20,37 ;20,49 ;22,87 ;22,83 ;18,48 ;15,70 ;13,07 
12.Mar.22;20,40 ;18,20 ;22,92 ;22,88 ;17,17 ;15,24 ;12,65 
15.Mar.22;20,40 ;18,20 ;20,54 ;20,50 ;17,04 ;14,80 ;12,76 
16.Mar.22;18,64 ;18,20 ;19,74 ;19,70 ;15,99 ;13,76 ;11,85 
17.Mar.22;18,02 ;16,77 ;18,73 ;18,69 ;15,22 ;13,18 ;11,39 
18.Mar.22;18,02 ;16,77 ;18,73 ;18,69 ;14,99 ;12,77 ;11,21 
19.Mar.22;18,02 ;18,92 ;20,68 ;20,64 ;15,98 ;13,27 ;11,27 
23.Mar.22;19,70 ;20,57 ;22,27 ;22,23 ;17,39 ;14,45 ;12,42 
25.Mar.22;19,70 ;21,76 ;23,64 ;23,60 ;18,41 ;15,15 ;13,43 
30.Mar.22;19,70 ;20,28 ;22,10 ;22,06 ;17,24 ;14,24 ;12,83 
31.Mar.22;19,70 ;19,48 ;21,21 ;21,17 ;16,58 ;13,75 ;12,41 
1.Nis.22;19,70 ;19,48 ;21,21 ;21,17 ;16,87 ;14,13 ;12,81 
2.Nis.22;19,00 ;19,48 ;21,27 ;21,23 ;16,35 ;13,66 ;12,30 
5.Nis.22;19,00 ;19,48 ;21,27 ;21,23 ;16,35 ;13,66 ;12,30 
8.Nis.22;19,00 ;19,48 ;21,27 ;21,23 ;15,80 ;13,02 ;11,33 
9.Nis.22;19,00 ;19,48 ;21,27 ;21,23 ;15,14 ;12,55 ;10,90 
12.Nis.22;19,01 ;19,48 ;20,24 ;20,21 ;15,14 ;12,55 ;10,90 
15.Nis.22;19,01 ;19,48 ;22,03 ;22,00 ;15,99 ;13,05 ;11,42 
20.Nis.22;19,01 ;20,65 ;22,03 ;22,00 ;15,99 ;13,05 ;11,42 
23.Nis.22;19,01 ;20,65 ;22,06 ;22,02 ;15,99 ;13,05 ;11,42 
30.Nis.22;20,33 ;20,65 ;22,06 ;22,02 ;15,99 ;13,05 ;11,42 
6.May.22;20,33 ;22,64 ;22,06 ;22,02 ;16,55 ;13,12 ;12,04 
11.May.22;21,12 ;22,64 ;22,06 ;22,02 ;16,55 ;13,12 ;12,04 
13.May.22;21,16 ;22,64 ;22,09 ;22,05 ;16,55 ;13,12 ;12,04 
14.May.22;21,16 ;21,53 ;22,09 ;22,05 ;16,53 ;13,42 ;11,90 
17.May.22;22,84 ;21,53 ;22,09 ;22,05 ;17,05 ;13,88 ;12,23 
18.May.22;22,84 ;21,53 ;22,09 ;22,05 ;17,26 ;14,20 ;12,57 
19.May.22;23,87 ;21,53 ;22,09 ;22,05 ;17,72 ;14,71 ;13,19 
21.May.22;22,85 ;21,53 ;22,09 ;22,05 ;17,18 ;14,24 ;12,75 
24.May.22;22,85 ;21,53 ;22,09 ;22,05 ;17,53 ;14,54 ;13,12 
26.May.22;22,85 ;21,53 ;22,09 ;22,05 ;17,53 ;14,54 ;13,12 
27.May.22;24,27 ;21,53 ;23,47 ;23,43 ;17,53 ;14,54 ;13,12 
28.May.22;24,98 ;23,21 ;24,44 ;24,40 ;18,66 ;15,06 ;13,63 
31.May.22;25,02 ;23,21 ;24,45 ;24,41 ;18,66 ;15,06 ;13,63 
1.Haz.22;25,02 ;23,97 ;24,45 ;24,41 ;18,66 ;15,06 ;13,63 
2.Haz.22;26,24 ;24,72 ;25,94 ;25,90 ;18,66 ;15,06 ;13,63 
4.Haz.22;26,24 ;24,72 ;25,94 ;25,90 ;19,53 ;15,39 ;13,01 
8.Haz.22;26,24 ;24,72 ;27,87 ;27,83 ;19,53 ;15,39 ;13,01 
9.Haz.22;26,24 ;26,08 ;27,87 ;27,83 ;19,53 ;15,39 ;13,01 
10.Haz.22;26,24 ;26,08 ;27,88 ;27,84 ;20,78 ;16,24 ;13,28 
11.Haz.22;28,42 ;27,48 ;27,88 ;27,84 ;20,78 ;16,24 ;13,28 
15.Haz.22;27,46 ;27,48 ;27,88 ;27,84 ;20,78 ;16,24 ;13,28 
16.Haz.22;27,46 ;27,48 ;29,15 ;29,11 ;21,41 ;16,72 ;13,86 
17.Haz.22;27,52 ;27,48 ;30,00 ;29,95 ;21,39 ;16,27 ;13,46 
21.Haz.22;27,52 ;27,48 ;30,00 ;29,95 ;20,54 ;15,46 ;12,69 
23.Haz.22;27,26 ;27,48 ;30,00 ;29,95 ;20,54 ;15,46 ;12,69 
29.Haz.22;27,26 ;27,48 ;27,50 ;27,45 ;20,54 ;15,46 ;12,69 
30.Haz.22;27,26 ;24,30 ;26,65 ;26,61 ;19,21 ;14,82 ;12,68 
2.Tem.22;25,13 ;24,30 ;26,65 ;26,61 ;19,21 ;14,82 ;12,68 
5.Tem.22;25,17 ;24,30 ;26,70 ;26,65 ;19,21 ;14,82 ;12,68 
6.Tem.22;25,17 ;24,30 ;26,70 ;26,65 ;19,21 ;14,82 ;12,68 
8.Tem.22;25,17 ;21,73 ;24,61 ;24,55 ;17,52 ;13,44 ;11,58 
9.Tem.22;25,19 ;22,64 ;25,47 ;25,40 ;18,24 ;14,05 ;12,17 
14.Tem.22;23,66 ;22,64 ;25,47 ;25,40 ;18,24 ;14,05 ;12,17 
15.Tem.22;23,66 ;22,64 ;25,47 ;25,40 ;17,85 ;13,48 ;11,17 
19.Tem.22;22,69 ;22,64 ;25,47 ;25,40 ;17,85 ;13,48 ;11,17 
20.Tem.22;22,71 ;22,64 ;25,45 ;25,40 ;17,85 ;13,48 ;11,17 
21.Tem.22;22,71 ;22,64 ;25,45 ;25,40 ;18,39 ;14,63 ;11,89 
26.Tem.22;22,71 ;22,64 ;24,53 ;24,48 ;18,39 ;14,63 ;11,89 
27.Tem.22;22,23 ;22,64 ;24,53 ;24,48 ;18,39 ;14,63 ;11,89 
28.Tem.22;22,25 ;22,64 ;24,55 ;24,50 ;18,39 ;14,63 ;11,89 
30.Tem.22;22,25 ;22,64 ;24,55 ;24,50 ;18,39 ;14,63 ;11,89 
2.Ağu.22;22,25 ;22,64 ;24,55 ;24,50 ;19,15 ;15,77 ;12,55 
3.Ağu.22;22,25 ;22,64 ;24,55 ;24,50 ;18,14 ;15,11 ;11,96 
6.Ağu.22;20,02 ;22,64 ;23,40 ;23,35 ;18,14 ;15,11 ;11,96 
9.Ağu.22;20,04 ;21,37 ;23,42 ;23,37 ;18,14 ;15,11 ;11,96 
10.Ağu.22;20,04 ;20,78 ;22,42 ;22,37 ;18,14 ;15,11 ;11,96 
11.Ağu.22;20,04 ;21,42 ;23,23 ;23,18 ;17,94 ;15,06 ;11,23 
13.Ağu.22;21,15 ;21,42 ;23,23 ;23,18 ;17,94 ;15,06 ;11,23 
16.Ağu.22;21,15 ;22,74 ;23,23 ;23,18 ;17,94 ;15,06 ;11,23 
18.Ağu.22;20,32 ;22,74 ;24,00 ;23,95 ;17,94 ;15,06 ;11,23 
20.Ağu.22;20,34 ;22,74 ;25,08 ;25,03 ;17,94 ;15,06 ;11,23 
23.Ağu.22;21,15 ;22,74 ;25,08 ;25,03 ;17,94 ;15,06 ;11,23 
24.Ağu.22;21,15 ;22,74 ;25,08 ;25,03 ;18,56 ;14,67 ;10,70 
25.Ağu.22;21,15 ;24,21 ;26,03 ;25,98 ;19,07 ;15,25 ;11,17 
26.Ağu.22;21,15 ;25,06 ;26,90 ;26,85 ;19,07 ;15,25 ;11,17 
27.Ağu.22;21,18 ;25,06 ;26,93 ;26,88 ;19,07 ;15,25 ;11,17 
30.Ağu.22;20,14 ;25,06 ;26,93 ;26,88 ;19,07 ;15,25 ;11,17 
2.Eyl.22;20,14 ;25,06 ;26,93 ;26,88 ;18,40 ;14,76 ;9,90 
3.Eyl.22;18,62 ;22,79 ;24,50 ;24,45 ;17,83 ;14,40 ;9,45 
6.Eyl.22;19,23 ;23,40 ;25,24 ;25,19 ;18,41 ;14,91 ;9,69 
7.Eyl.22;19,23 ;23,40 ;26,01 ;25,96 ;18,41 ;14,91 ;9,69 
8.Eyl.22;19,23 ;23,40 ;24,87 ;24,82 ;18,41 ;14,91 ;9,69 
9.Eyl.22;19,23 ;23,40 ;24,87 ;24,82 ;17,84 ;14,26 ;8,61 
14.Eyl.22;19,23 ;23,40 ;24,87 ;24,82 ;18,31 ;14,62 ;9,22 
15.Eyl.22;19,23 ;23,40 ;24,87 ;24,82 ;17,82 ;14,34 ;8,59 
16.Eyl.22;19,23 ;21,65 ;24,87 ;24,82 ;17,46 ;14,47 ;8,34 
17.Eyl.22;19,23 ;20,17 ;24,87 ;24,82 ;16,88 ;14,21 ;8,11 
20.Eyl.22;19,23 ;20,17 ;23,11 ;23,06 ;16,88 ;14,21 ;8,11 
27.Eyl.22;19,24 ;21,31 ;23,14 ;23,09 ;16,88 ;14,21 ;8,11 
28.Eyl.22;19,26 ;21,31 ;23,16 ;23,11 ;16,62 ;13,78 ;7,66 
30.Eyl.22;19,25 ;21,31 ;23,15 ;23,10 ;17,29 ;13,94 ;8,23 
4.Eki.22;19,25 ;21,31 ;23,15 ;23,10 ;17,23 ;13,96 ;8,79 
5.Eki.22;19,87 ;21,31 ;24,25 ;24,20 ;17,69 ;14,27 ;10,03 
6.Eki.22;20,62 ;21,31 ;25,64 ;25,59 ;18,38 ;14,50 ;10,47 
7.Eki.22;20,63 ;21,31 ;27,16 ;27,11 ;19,11 ;14,73 ;10,82 
8.Eki.22;20,63 ;21,31 ;27,16 ;27,11 ;19,30 ;14,83 ;11,16 
11.Eki.22;20,63 ;24,63 ;28,54 ;28,49 ;19,99 ;15,28 ;11,32 
13.Eki.22;20,63 ;22,35 ;26,41 ;26,36 ;18,58 ;14,33 ;10,65 
14.Eki.22;20,63 ;23,67 ;26,44 ;26,39 ;18,57 ;14,00 ;10,20 
15.Eki.22;20,63 ;23,67 ;27,43 ;27,39 ;18,57 ;14,00 ;10,20 
22.Eki.22;20,65 ;22,25 ;26,39 ;26,34 ;18,57 ;14,00 ;10,20 
1.Kas.22;21,39 ;22,25 ;26,42 ;26,37 ;18,57 ;14,00 ;10,20 
3.Kas.22;21,39 ;22,25 ;26,42 ;26,37 ;18,17 ;14,33 ;10,49 
4.Kas.22;22,70 ;22,25 ;26,42 ;26,37 ;18,17 ;14,33 ;10,49 
8.Kas.22;22,70 ;22,25 ;26,40 ;26,35 ;18,83 ;14,44 ;11,08 
12.Kas.22;22,70 ;23,70 ;26,40 ;26,35 ;17,63 ;13,75 ;10,81 
15.Kas.22;22,70 ;23,70 ;24,84 ;24,79 ;17,63 ;13,75 ;10,81 
16.Kas.22;22,70 ;23,70 ;24,84 ;24,79 ;17,63 ;13,75 ;10,81 
17.Kas.22;21,93 ;22,68 ;24,84 ;24,79 ;17,63 ;13,75 ;10,81 
19.Kas.22;21,18 ;22,68 ;24,84 ;24,79 ;17,63 ;13,75 ;10,81 
22.Kas.22;21,19 ;22,68 ;24,85 ;24,80 ;16,39 ;12,26 ;10,41 
23.Kas.22;20,03 ;22,68 ;24,85 ;24,80 ;15,71 ;11,58 ;9,70 
24.Kas.22;20,63 ;22,68 ;23,90 ;23,86 ;16,54 ;12,56 ;10,32 
25.Kas.22;20,16 ;22,68 ;23,90 ;23,86 ;16,14 ;12,23 ;9,91 
29.Kas.22;20,16 ;21,43 ;23,08 ;23,04 ;16,14 ;12,23 ;9,91 
30.Kas.22;20,16 ;20,58 ;22,50 ;22,45 ;16,14 ;12,23 ;9,91 
3.Ara.22;20,16 ;21,59 ;23,66 ;23,61 ;16,14 ;12,23 ;9,91 
6.Ara.22;20,19 ;21,59 ;22,98 ;22,93 ;16,23 ;12,64 ;10,08 
8.Ara.22;18,06 ;19,27 ;21,09 ;21,04 ;15,19 ;12,15 ;9,64 
9.Ara.22;18,14 ;19,27 ;21,11 ;21,06 ;14,76 ;11,60 ;9,76 
10.Ara.22;17,40 ;19,27 ;21,11 ;21,06 ;14,76 ;11,60 ;9,76 
13.Ara.22;17,40 ;19,27 ;21,11 ;21,06 ;14,76 ;11,60 ;9,76 
14.Ara.22;17,42 ;19,27 ;21,11 ;21,06 ;14,76 ;11,60 ;9,76 
16.Ara.22;18,49 ;19,27 ;21,11 ;21,06 ;14,76 ;11,60 ;9,76 
17.Ara.22;18,49 ;21,06 ;22,81 ;22,76 ;15,64 ;11,84 ;9,76 
20.Ara.22;17,89 ;20,30 ;22,04 ;21,99 ;15,64 ;11,84 ;9,76 
23.Ara.22;18,59 ;20,30 ;22,05 ;22,00 ;15,64 ;11,84 ;9,76 
24.Ara.22;18,59 ;20,30 ;22,05 ;22,00 ;16,02 ;12,72 ;10,57 
27.Ara.22;18,60 ;20,30 ;22,07 ;22,02 ;15,90 ;12,46 ;10,27 
31.Ara.22;19,44 ;20,30 ;22,07 ;22,02 ;15,90 ;12,46 ;10,27 
1.Oca.23;19,45 ;20,31 ;22,08 ;22,03 ;15,91 ;12,47 ;10,28 
3.Oca.23;19,51 ;20,31 ;22,09 ;22,04 ;15,91 ;12,47 ;10,28 
6.Oca.23;19,52 ;19,58 ;22,11 ;22,06 ;14,90 ;11,69 ;9,26 
10.Oca.23;19,52 ;20,42 ;22,11 ;22,06 ;14,90 ;11,69 ;9,26 
11.Oca.23;18,89 ;20,42 ;22,11 ;22,06 ;14,90 ;11,69 ;9,26 
13.Oca.23;19,68 ;20,42 ;22,11 ;22,06 ;14,90 ;11,69 ;9,26 
14.Oca.23;19,68 ;20,42 ;22,11 ;22,06 ;15,91 ;12,33 ;9,37 
17.Oca.23;20,34 ;21,89 ;22,11 ;22,06 ;15,91 ;12,33 ;9,37 
18.Oca.23;20,34 ;21,89 ;23,16 ;23,11 ;15,91 ;12,33 ;9,37 
20.Oca.23;20,34 ;21,89 ;23,16 ;23,11 ;16,49 ;12,79 ;10,17 
21.Oca.23;20,34 ;21,89 ;23,16 ;23,11 ;16,15 ;12,40 ;9,91 
24.Oca.23;20,40 ;21,89 ;23,19 ;23,14 ;16,15 ;12,40 ;9,91 
25.Oca.23;21,66 ;24,08 ;23,19 ;23,14 ;16,91 ;12,84 ;10,30 
26.Oca.23;21,66 ;23,41 ;24,01 ;23,97 ;16,91 ;12,84 ;10,30 
27.Oca.23;21,05 ;23,41 ;23,40 ;23,36 ;16,25 ;12,51 ;9,91 
28.Oca.23;21,06 ;23,41 ;23,43 ;23,38 ;16,25 ;12,51 ;9,91 
2.Şub.23;21,08 ;21,80 ;22,43 ;22,39 ;16,25 ;12,51 ;9,91 
3.Şub.23;21,07 ;21,80 ;21,77 ;21,72 ;16,25 ;12,51 ;9,91 
4.Şub.23;21,07 ;20,25 ;21,09 ;21,04 ;16,25 ;12,51 ;9,91 
7.Şub.23;21,07 ;19,46 ;21,09 ;21,04 ;15,12 ;12,45 ;9,24 
8.Şub.23;19,70 ;18,64 ;19,93 ;19,89 ;15,12 ;12,45 ;9,24 
9.Şub.23;19,70 ;19,64 ;19,93 ;19,89 ;15,12 ;12,45 ;9,24 
11.Şub.23;19,70 ;19,64 ;19,93 ;19,89 ;15,57 ;13,00 ;9,90 
14.Şub.23;20,84 ;19,64 ;21,20 ;21,15 ;15,57 ;13,00 ;9,90 
18.Şub.23;20,85 ;19,64 ;21,22 ;21,17 ;15,57 ;13,00 ;9,90 
22.Şub.23;20,88 ;18,73 ;21,22 ;21,17 ;15,57 ;13,00 ;9,90 
23.Şub.23;20,39 ;18,73 ;21,22 ;21,17 ;15,21 ;12,48 ;10,18 
24.Şub.23;20,39 ;18,73 ;20,59 ;20,54 ;15,21 ;12,48 ;10,18 
1.Mar.23;20,42 ;18,73 ;20,61 ;20,56 ;15,21 ;12,48 ;10,18 
4.Mar.23;20,42 ;19,45 ;21,51 ;21,46 ;15,21 ;12,48 ;10,18 
8.Mar.23;20,42 ;19,45 ;21,51 ;21,46 ;15,88 ;12,98 ;10,91 
9.Mar.23;20,43 ;19,45 ;21,53 ;21,48 ;15,88 ;12,98 ;10,91 
10.Mar.23;20,43 ;19,45 ;21,53 ;21,48 ;15,30 ;12,45 ;10,63 
11.Mar.23;20,43 ;19,45 ;21,53 ;21,48 ;15,30 ;12,45 ;10,63 
14.Mar.23;20,43 ;18,71 ;21,53 ;21,48 ;15,41 ;12,37 ;11,54 
15.Mar.23;20,45 ;18,71 ;20,85 ;20,80 ;15,41 ;12,37 ;11,54 
16.Mar.23;20,45 ;18,71 ;20,85 ;20,80 ;14,99 ;11,83 ;11,35 
17.Mar.23;20,45 ;16,84 ;19,51 ;19,47 ;13,88 ;10,93 ;10,51 
21.Mar.23;20,47 ;16,84 ;20,37 ;20,32 ;13,88 ;10,93 ;10,51 
24.Mar.23;20,47 ;17,33 ;20,37 ;20,32 ;14,60 ;11,53 ;10,73 
25.Mar.23;20,50 ;17,33 ;20,43 ;20,38 ;14,60 ;11,53 ;10,73 
28.Mar.23;21,31 ;17,33 ;20,43 ;20,38 ;14,60 ;11,53 ;10,73 
31.Mar.23;21,31 ;18,00 ;20,43 ;20,38 ;14,92 ;12,16 ;11,20 
4.Nis.23;21,30 ;18,00 ;20,42 ;20,37 ;14,92 ;12,16 ;11,20 
5.Nis.23;22,42 ;18,00 ;20,42 ;20,37 ;15,78 ;13,07 ;12,20 
6.Nis.23;22,42 ;18,00 ;20,42 ;20,37 ;15,78 ;13,07 ;12,20 
11.Nis.23;22,42 ;18,82 ;21,09 ;21,04 ;15,78 ;13,07 ;12,20 
12.Nis.23;22,41 ;18,82 ;21,06 ;21,01 ;15,78 ;13,07 ;12,20 
18.Nis.23;22,41 ;18,82 ;21,06 ;21,01 ;15,78 ;13,07 ;12,20 
21.Nis.23;21,21 ;18,17 ;20,15 ;20,10 ;15,78 ;13,07 ;12,20 
25.Nis.23;21,21 ;17,47 ;19,68 ;19,63 ;15,78 ;13,07 ;12,20 
26.Nis.23;21,21 ;17,47 ;19,70 ;19,65 ;15,78 ;13,07 ;12,20 
29.Nis.23;20,30 ;17,47 ;19,70 ;19,65 ;14,95 ;12,94 ;11,45 
30.Nis.23;20,30 ;17,47 ;19,70 ;19,65 ;14,95 ;12,94 ;11,45 
4.May.23;20,30 ;16,38 ;18,39 ;18,34 ;14,95 ;12,94 ;11,45 
5.May.23;20,30 ;15,94 ;17,91 ;17,86 ;14,95 ;12,94 ;11,45 
6.May.23;19,24 ;15,94 ;17,91 ;17,86 ;14,06 ;12,04 ;10,93 
9.May.23;19,67 ;16,63 ;18,57 ;18,52 ;14,50 ;12,42 ;11,43 
10.May.23;19,76 ;16,63 ;18,58 ;18,53 ;14,50 ;12,42 ;11,43 
19.May.23;19,76 ;16,63 ;19,33 ;19,28 ;14,50 ;12,42 ;11,43 
23.May.23;20,52 ;16,63 ;19,33 ;19,28 ;14,50 ;12,42 ;11,43 
24.May.23;20,52 ;16,63 ;19,34 ;19,29 ;14,50 ;12,42 ;11,43 
25.May.23;20,52 ;16,63 ;19,34 ;19,29 ;15,06 ;12,82 ;11,79 
30.May.23;21,19 ;16,63 ;19,34 ;19,29 ;15,06 ;12,82 ;11,79 
3.Haz.23;21,19 ;17,17 ;19,34 ;19,29 ;15,06 ;12,82 ;11,79 
6.Haz.23;21,19 ;17,17 ;19,34 ;19,29 ;15,06 ;12,82 ;11,79 
7.Haz.23;21,19 ;17,17 ;20,70 ;20,65 ;15,06 ;12,82 ;11,79 
8.Haz.23;21,19 ;18,39 ;20,70 ;20,65 ;16,17 ;13,65 ;12,29 
9.Haz.23;23,89 ;19,75 ;22,07 ;22,02 ;17,45 ;14,78 ;13,12 
10.Haz.23;23,89 ;19,75 ;22,07 ;22,02 ;17,45 ;14,78 ;13,12 
13.Haz.23;23,98 ;19,75 ;22,22 ;22,17 ;17,45 ;14,78 ;13,12 
16.Haz.23;24,01 ;19,75 ;22,23 ;22,18 ;17,45 ;14,78 ;13,12 
17.Haz.23;24,01 ;19,75 ;22,23 ;22,18 ;18,30 ;15,59 ;13,53 
20.Haz.23;24,01 ;19,75 ;23,87 ;23,82 ;18,30 ;15,59 ;13,53 
22.Haz.23;24,02 ;20,95 ;23,87 ;23,82 ;18,30 ;15,59 ;13,53 
27.Haz.23;24,01 ;20,95 ;23,84 ;23,79 ;19,28 ;16,46 ;14,87 
4.Tem.23;26,12 ;22,54 ;23,84 ;23,79 ;20,12 ;17,16 ;16,72 
6.Tem.23;26,12 ;22,54 ;24,71 ;24,66 ;20,12 ;17,16 ;16,72 
7.Tem.23;26,17 ;22,54 ;24,78 ;24,73 ;20,12 ;17,16 ;16,72 
10.Tem.23;26,62 ;22,93 ;25,21 ;25,16 ;20,46 ;17,45 ;17,00 
12.Tem.23;26,62 ;24,29 ;26,28 ;26,23 ;20,46 ;17,45 ;17,00 
13.Tem.23;26,62 ;24,29 ;26,28 ;26,23 ;21,56 ;18,18 ;17,60 
14.Tem.23;26,65 ;24,29 ;26,31 ;26,26 ;21,56 ;18,18 ;17,60 
15.Tem.23;27,97 ;24,29 ;26,31 ;26,26 ;21,56 ;18,18 ;17,60 
16.Tem.23;33,97 ;27,60 ;32,31 ;32,26 ;22,25 ;18,87 ;18,25 
18.Tem.23;33,99 ;27,60 ;32,31 ;32,26 ;22,25 ;18,87 ;18,25 
21.Tem.23;33,99 ;27,60 ;33,86 ;33,81 ;22,25 ;18,87 ;18,25 
25.Tem.23;35,99 ;29,59 ;33,86 ;33,81 ;22,25 ;18,87 ;18,25 
26.Tem.23;35,99 ;30,37 ;33,86 ;33,81 ;25,97 ;22,30 ;19,66 
28.Tem.23;35,99 ;30,37 ;35,29 ;35,24 ;25,97 ;22,30 ;19,66 
1.Ağu.23;35,99 ;30,37 ;36,36 ;36,31 ;25,97 ;22,30 ;19,66 
2.Ağu.23;35,99 ;30,37 ;36,36 ;36,31 ;27,32 ;23,58 ;20,67 
3.Ağu.23;36,04 ;32,79 ;36,39 ;36,34 ;27,32 ;23,58 ;20,67 
4.Ağu.23;36,04 ;32,79 ;36,43 ;36,39 ;27,32 ;23,58 ;20,67 
9.Ağu.23;36,06 ;32,79 ;36,45 ;36,41 ;27,32 ;23,58 ;20,67 
11.Ağu.23;36,06 ;32,79 ;38,25 ;38,21 ;27,32 ;23,58 ;20,67 
12.Ağu.23;36,06 ;32,79 ;38,25 ;38,21 ;28,63 ;24,69 ;21,60 
16.Ağu.23;37,61 ;32,79 ;38,25 ;38,21 ;28,63 ;24,69 ;21,60 
17.Ağu.23;37,66 ;32,79 ;38,32 ;38,28 ;28,63 ;24,69 ;21,60 
18.Ağu.23;37,66 ;32,79 ;36,80 ;36,76 ;28,63 ;24,69 ;21,60 
19.Ağu.23;37,66 ;32,79 ;36,80 ;36,76 ;27,82 ;23,92 ;21,00 
22.Ağu.23;37,66 ;32,79 ;37,80 ;37,76 ;27,82 ;23,92 ;21,00 
23.Ağu.23;37,69 ;32,79 ;37,83 ;37,79 ;27,82 ;23,92 ;21,00 
1.Eyl.23;36,70 ;32,79 ;37,83 ;37,79 ;27,10 ;23,26 ;20,19 
5.Eyl.23;36,75 ;32,79 ;37,86 ;37,82 ;27,10 ;23,26 ;20,19 
7.Eyl.23;36,75 ;32,79 ;37,86 ;37,82 ;28,44 ;24,17 ;21,84 
8.Eyl.23;36,78 ;32,79 ;37,89 ;37,85 ;28,44 ;24,17 ;21,84 
13.Eyl.23;36,78 ;34,95 ;39,91 ;39,87 ;28,44 ;24,17 ;21,84 
14.Eyl.23;38,42 ;34,95 ;39,91 ;39,87 ;28,44 ;24,17 ;21,84 
15.Eyl.23;38,47 ;34,95 ;39,96 ;39,92 ;28,44 ;24,17 ;21,84 
16.Eyl.23;38,47 ;34,95 ;39,96 ;39,92 ;29,76 ;24,79 ;23,17 
22.Eyl.23;38,51 ;34,95 ;40,00 ;39,96 ;29,76 ;24,79 ;23,17 
27.Eyl.23;36,57 ;34,95 ;40,00 ;39,96 ;29,15 ;24,71 ;22,45 
29.Eyl.23;36,61 ;34,95 ;40,06 ;40,02 ;29,15 ;24,71 ;22,45 
3.Eki.23;36,61 ;34,95 ;40,06 ;40,02 ;29,15 ;24,71 ;22,45 
4.Eki.23;36,61 ;34,95 ;40,06 ;40,02 ;29,15 ;24,71 ;22,45 
5.Eki.23;34,50 ;34,95 ;40,06 ;40,02 ;29,15 ;24,71 ;22,45 
6.Eki.23;33,46 ;34,95 ;40,13 ;40,09 ;27,64 ;23,07 ;21,04 
7.Eki.23;33,46 ;32,12 ;37,22 ;37,18 ;26,78 ;22,59 ;20,12 
10.Eki.23;33,51 ;32,12 ;37,28 ;37,24 ;26,78 ;22,59 ;20,12 
11.Eki.23;33,51 ;32,12 ;37,28 ;37,24 ;27,73 ;23,68 ;20,58 
17.Eki.23;33,54 ;35,04 ;39,56 ;39,52 ;27,73 ;23,68 ;20,58 
20.Eki.23;33,54 ;35,04 ;39,56 ;39,52 ;29,08 ;24,88 ;21,77 
21.Eki.23;35,02 ;35,04 ;39,56 ;39,52 ;29,08 ;24,88 ;21,77 
27.Eki.23;35,02 ;35,04 ;39,56 ;39,52 ;28,10 ;24,26 ;20,36 
31.Eki.23;35,02 ;33,25 ;37,98 ;37,94 ;27,99 ;24,27 ;19,65 
1.Kas.23;34,36 ;33,25 ;37,98 ;37,94 ;27,99 ;24,27 ;19,65 
2.Kas.23;34,40 ;33,25 ;38,00 ;37,96 ;27,99 ;24,27 ;19,65 
3.Kas.23;34,40 ;33,25 ;38,00 ;37,96 ;27,99 ;24,27 ;19,65 
7.Kas.23;34,48 ;33,25 ;37,99 ;37,95 ;27,99 ;24,27 ;19,65 
9.Kas.23;34,48 ;33,25 ;37,99 ;37,95 ;26,93 ;23,13 ;18,43 
14.Kas.23;34,48 ;33,25 ;36,36 ;36,32 ;26,93 ;23,13 ;18,43 
16.Kas.23;34,48 ;33,25 ;37,50 ;37,46 ;26,93 ;23,13 ;18,43 
17.Kas.23;34,50 ;33,25 ;37,52 ;37,48 ;26,93 ;23,13 ;18,43 
21.Kas.23;34,50 ;33,25 ;37,54 ;37,50 ;26,93 ;23,13 ;18,43 
22.Kas.23;34,50 ;33,25 ;37,54 ;37,50 ;27,42 ;23,80 ;19,54 
28.Kas.23;34,50 ;33,25 ;37,55 ;37,51 ;27,42 ;23,80 ;19,54 
2.Ara.23;34,50 ;33,25 ;37,55 ;37,51 ;27,42 ;23,80 ;19,54 
5.Ara.23;34,50 ;31,81 ;37,55 ;37,51 ;27,42 ;23,80 ;19,54 
6.Ara.23;34,50 ;31,81 ;37,55 ;37,51 ;26,51 ;22,81 ;19,47 
7.Ara.23;34,50 ;31,81 ;36,21 ;36,17 ;26,44 ;22,84 ;18,80 
8.Ara.23;34,52 ;30,02 ;35,39 ;35,35 ;25,51 ;21,97 ;17,87 
9.Ara.23;32,86 ;30,02 ;35,39 ;35,35 ;25,51 ;21,97 ;17,87 
12.Ara.23;32,92 ;30,02 ;35,41 ;35,37 ;25,51 ;21,97 ;17,87 
16.Ara.23;32,93 ;30,02 ;35,43 ;35,39 ;26,17 ;22,96 ;17,95 
20.Ara.23;34,46 ;30,02 ;35,45 ;35,41 ;26,17 ;22,96 ;17,95 
21.Ara.23;34,46 ;32,44 ;35,45 ;35,41 ;27,19 ;23,65 ;19,27 
22.Ara.23;34,46 ;32,44 ;37,10 ;37,06 ;27,19 ;23,65 ;19,27 
29.Ara.23;34,46 ;32,44 ;37,10 ;37,06 ;27,03 ;23,65 ;18,63 
1.Oca.24;34,48 ;32,45 ;37,11 ;37,07 ;27,05 ;23,66 ;18,64 
3.Oca.24;36,79 ;33,65 ;39,28 ;39,24 ;27,30 ;23,91 ;18,88 
5.Oca.24;36,74 ;33,65 ;38,94 ;38,90 ;27,30 ;23,91 ;18,88 
6.Oca.24;36,74 ;33,65 ;38,94 ;38,90 ;27,30 ;23,91 ;18,88 
9.Oca.24;36,74 ;32,63 ;38,94 ;38,90 ;27,30 ;23,91 ;18,88 
12.Oca.24;36,75 ;32,63 ;38,95 ;38,91 ;27,30 ;23,91 ;18,88 
13.Oca.24;36,75 ;32,63 ;38,95 ;38,91 ;27,30 ;23,91 ;18,88 
16.Oca.24;36,78 ;34,19 ;38,97 ;38,93 ;28,20 ;24,86 ;19,71 
18.Oca.24;36,78 ;34,19 ;38,97 ;38,93 ;28,20 ;24,86 ;19,71 
20.Oca.24;36,78 ;34,19 ;40,12 ;40,08 ;28,20 ;24,86 ;19,71 
23.Oca.24;36,82 ;34,19 ;40,19 ;40,14 ;28,20 ;24,86 ;19,71 
24.Oca.24;38,28 ;35,28 ;40,19 ;40,14 ;27,96 ;23,92 ;19,82 
26.Oca.24;38,28 ;35,28 ;40,22 ;40,17 ;27,96 ;23,92 ;19,82 
30.Oca.24;38,28 ;35,28 ;41,60 ;41,55 ;27,96 ;23,92 ;19,82 
31.Oca.24;38,28 ;35,28 ;41,60 ;41,55 ;29,17 ;24,71 ;20,97 
1.Şub.24;39,23 ;35,28 ;41,60 ;41,55 ;29,17 ;24,71 ;20,97 
2.Şub.24;39,26 ;35,28 ;41,63 ;41,58 ;29,17 ;24,71 ;20,97 
6.Şub.24;39,26 ;35,28 ;41,63 ;41,58 ;27,74 ;23,17 ;20,71 
7.Şub.24;39,26 ;35,28 ;41,63 ;41,58 ;27,74 ;23,17 ;20,71 
9.Şub.24;39,29 ;35,28 ;41,69 ;41,64 ;28,68 ;23,54 ;21,74 
13.Şub.24;39,29 ;35,28 ;44,25 ;44,20 ;29,66 ;24,10 ;22,31 
15.Şub.24;41,08 ;36,51 ;44,25 ;44,20 ;29,66 ;24,10 ;22,31 
16.Şub.24;41,13 ;36,51 ;44,28 ;44,23 ;29,66 ;24,10 ;22,31 
21.Şub.24;41,13 ;35,45 ;43,07 ;43,02 ;29,66 ;24,10 ;22,31 
22.Şub.24;40,37 ;35,45 ;41,97 ;41,92 ;29,72 ;25,27 ;22,27 
23.Şub.24;40,37 ;35,45 ;41,97 ;41,92 ;29,72 ;25,27 ;22,27 
1.Mar.24;40,37 ;35,45 ;40,63 ;40,58 ;29,72 ;25,27 ;22,27 
5.Mar.24;40,37 ;35,45 ;40,65 ;40,60 ;30,67 ;26,63 ;22,85 
12.Mar.24;40,41 ;34,29 ;40,68 ;40,63 ;30,67 ;26,63 ;22,85 
13.Mar.24;40,41 ;34,29 ;40,68 ;40,63 ;30,24 ;26,30 ;21,43 
15.Mar.24;41,96 ;34,29 ;41,80 ;41,75 ;30,71 ;26,68 ;22,35 
19.Mar.24;41,99 ;35,80 ;41,83 ;41,78 ;30,71 ;26,68 ;22,35 
20.Mar.24;41,99 ;35,80 ;41,83 ;41,78 ;31,73 ;27,41 ;23,41 
21.Mar.24;43,33 ;35,80 ;42,95 ;42,90 ;31,73 ;27,41 ;23,41 
22.Mar.24;43,35 ;35,80 ;42,96 ;42,91 ;31,73 ;27,41 ;23,41 
23.Mar.24;43,35 ;35,80 ;41,93 ;41,88 ;31,73 ;27,41 ;23,41 
26.Mar.24;43,35 ;35,80 ;41,95 ;41,90 ;31,73 ;27,41 ;23,41 
2.Nis.24;43,38 ;35,80 ;41,97 ;41,92 ;31,73 ;27,41 ;23,41 
5.Nis.24;43,40 ;35,80 ;42,02 ;41,97 ;31,73 ;27,41 ;23,41 
10.Nis.24;43,40 ;35,80 ;42,02 ;41,97 ;31,25 ;26,98 ;24,05 
16.Nis.24;43,48 ;35,80 ;42,08 ;42,03 ;31,25 ;26,98 ;24,05 
23.Nis.24;43,49 ;35,80 ;42,12 ;42,07 ;31,25 ;26,98 ;24,05 
25.Nis.24;43,49 ;35,80 ;40,96 ;40,91 ;30,45 ;26,65 ;23,98 
26.Nis.24;43,54 ;35,80 ;40,99 ;40,94 ;30,45 ;26,65 ;23,98 
27.Nis.24;43,54 ;34,60 ;40,99 ;40,94 ;30,45 ;26,65 ;23,98 
1.May.24;43,55 ;34,60 ;41,01 ;40,96 ;30,45 ;26,65 ;23,98 
3.May.24;43,84 ;34,60 ;41,27 ;41,22 ;30,45 ;26,65 ;23,98 
7.May.24;43,86 ;34,60 ;41,30 ;41,25 ;29,02 ;25,25 ;22,71 
8.May.24;42,49 ;34,60 ;40,06 ;40,01 ;29,02 ;25,25 ;22,71 
9.May.24;42,49 ;34,60 ;40,06 ;40,01 ;29,02 ;25,25 ;22,71 
10.May.24;42,54 ;34,60 ;40,09 ;40,04 ;29,02 ;25,25 ;22,71 
14.May.24;42,60 ;34,60 ;40,14 ;40,09 ;29,02 ;25,25 ;22,71 
15.May.24;42,60 ;34,60 ;40,14 ;40,14 ;29,02 ;25,25 ;22,71 
16.May.24;42,60 ;34,60 ;40,14 ;40,14 ;29,02 ;25,25 ;22,71 
17.May.24;42,60 ;34,60 ;40,14 ;40,14 ;28,33 ;24,31 ;22,36 
21.May.24;42,63 ;34,60 ;40,17 ;40,17 ;28,33 ;24,31 ;22,36 
25.May.24;41,22 ;34,60 ;40,17 ;40,17 ;28,33 ;24,31 ;22,36 
28.May.24;41,28 ;34,60 ;40,18 ;40,18 ;28,49 ;24,56 ;22,97 
4.Haz.24;41,30 ;34,07 ;40,32 ;40,32 ;28,49 ;24,56 ;22,97 
5.Haz.24;41,30 ;32,23 ;40,32 ;40,32 ;28,49 ;24,56 ;22,97 
7.Haz.24;40,05 ;32,23 ;39,13 ;39,13 ;28,49 ;24,56 ;22,97 
8.Haz.24;40,11 ;32,23 ;39,16 ;39,16 ;28,49 ;24,56 ;22,97 
11.Haz.24;40,11 ;32,23 ;39,16 ;39,16 ;28,79 ;25,27 ;22,56 
12.Haz.24;40,11 ;32,23 ;39,16 ;39,16 ;29,42 ;25,81 ;23,31 
13.Haz.24;40,11 ;33,69 ;40,51 ;40,51 ;29,42 ;25,81 ;23,31 
14.Haz.24;40,14 ;33,69 ;40,56 ;40,56 ;29,42 ;25,81 ;23,31 
21.Haz.24;40,14 ;35,53 ;40,56 ;40,56 ;31,37 ;27,75 ;24,22 
25.Haz.24;42,18 ;35,53 ;42,28 ;42,28 ;31,37 ;27,75 ;24,22 
28.Haz.24;42,13 ;35,53 ;42,28 ;42,28 ;31,37 ;27,75 ;24,22 
29.Haz.24;42,26 ;35,53 ;42,42 ;42,42 ;32,10 ;28,64 ;24,79 
2.Tem.24;42,26 ;35,53 ;42,42 ;42,42 ;32,10 ;28,64 ;24,79 
3.Tem.24;44,47 ;36,67 ;44,49 ;44,49 ;32,34 ;28,87 ;25,01 
4.Tem.24;44,47 ;36,67 ;44,49 ;44,49 ;32,71 ;28,97 ;26,70 
5.Tem.24;44,52 ;36,67 ;44,53 ;44,53 ;32,71 ;28,97 ;26,70 
6.Tem.24;44,52 ;36,67 ;44,53 ;44,53 ;32,71 ;28,97 ;26,70 
10.Tem.24;44,62 ;36,67 ;44,61 ;44,61 ;32,71 ;28,97 ;26,70 
13.Tem.24;44,69 ;36,67 ;44,69 ;44,69 ;31,76 ;28,08 ;25,84 
19.Tem.24;44,80 ;36,67 ;44,77 ;44,77 ;31,76 ;28,08 ;25,84 
23.Tem.24;44,86 ;36,67 ;44,82 ;44,82 ;31,76 ;28,08 ;25,84 
24.Tem.24;44,86 ;36,67 ;44,82 ;44,82 ;30,62 ;27,09 ;24,35 
25.Tem.24;44,86 ;35,08 ;43,35 ;43,35 ;30,62 ;27,09 ;24,35 
30.Tem.24;44,97 ;35,08 ;43,46 ;43,46 ;30,62 ;27,09 ;24,35 
3.Ağu.24;44,97 ;35,08 ;43,46 ;43,46 ;30,42 ;27,07 ;23,53 
6.Ağu.24;43,32 ;35,08 ;43,54 ;43,54 ;29,74 ;26,69 ;22,48 
9.Ağu.24;43,43 ;35,08 ;43,64 ;43,64 ;29,74 ;26,69 ;22,48 
10.Ağu.24;43,43 ;35,08 ;43,64 ;43,64 ;30,63 ;27,66 ;23,56 
15.Ağu.24;44,28 ;35,08 ;43,64 ;43,64 ;30,63 ;27,66 ;23,56 
16.Ağu.24;44,43 ;35,08 ;43,77 ;43,77 ;31,34 ;28,73 ;23,48 
23.Ağu.24;43,09 ;35,08 ;43,77 ;43,77 ;31,34 ;28,73 ;23,48 
24.Ağu.24;43,11 ;34,05 ;43,09 ;43,09 ;31,34 ;28,73 ;23,48 
27.Ağu.24;43,11 ;34,05 ;43,09 ;43,09 ;31,34 ;28,73 ;23,48 
4.Eyl.24;43,11 ;34,05 ;43,09 ;43,09 ;31,34 ;28,73 ;23,48 
5.Eyl.24;43,11 ;34,05 ;43,09 ;43,09 ;30,01 ;27,49 ;21,38 
6.Eyl.24;41,36 ;34,05 ;43,16 ;43,16 ;30,01 ;27,49 ;21,38 
11.Eyl.24;41,36 ;32,48 ;41,65 ;41,65 ;28,55 ;25,91 ;20,70 
13.Eyl.24;41,42 ;32,48 ;41,67 ;41,67 ;28,55 ;25,91 ;20,70 
19.Eyl.24;41,42 ;32,48 ;41,67 ;41,67 ;28,94 ;26,22 ;21,95 
24.Eyl.24;42,61 ;32,48 ;41,67 ;41,67 ;28,94 ;26,22 ;21,95 
27.Eyl.24;42,61 ;32,48 ;42,59 ;42,59 ;29,43 ;26,50 ;22,61 
1.Eki.24;42,64 ;32,48 ;42,59 ;42,59 ;29,43 ;26,50 ;22,61 
2.Eki.24;42,76 ;32,48 ;42,59 ;42,59 ;29,43 ;26,50 ;22,61 
3.Eki.24;42,76 ;32,48 ;42,59 ;42,59 ;29,43 ;26,50 ;22,61 
4.Eki.24;42,76 ;32,48 ;42,61 ;42,61 ;29,49 ;27,12 ;24,06 
5.Eki.24;42,76 ;32,48 ;42,61 ;42,61 ;30,22 ;27,77 ;24,24 
8.Eki.24;42,78 ;34,69 ;42,64 ;42,64 ;30,22 ;27,77 ;24,24 
9.Eki.24;42,78 ;34,69 ;42,64 ;42,64 ;31,41 ;28,71 ;25,71 
10.Eki.24;42,78 ;34,69 ;43,41 ;43,41 ;30,49 ;27,96 ;24,88 
11.Eki.24;43,54 ;34,69 ;43,41 ;43,41 ;30,49 ;27,96 ;24,88 
12.Eki.24;44,53 ;34,69 ;43,44 ;43,44 ;30,49 ;27,96 ;24,88 
16.Eki.24;44,53 ;34,69 ;43,44 ;43,44 ;30,49 ;27,96 ;24,88 
18.Eki.24;44,56 ;32,87 ;43,47 ;43,47 ;30,49 ;27,96 ;24,88 
22.Eki.24;42,68 ;32,87 ;41,82 ;41,82 ;28,90 ;26,41 ;24,35 
24.Eki.24;42,68 ;32,87 ;41,82 ;41,82 ;30,25 ;27,80 ;25,81 
25.Eki.24;42,74 ;32,87 ;42,67 ;42,67 ;30,25 ;27,80 ;25,81 
31.Eki.24;42,74 ;32,87 ;42,67 ;42,67 ;28,84 ;26,50 ;24,23 
1.Kas.24;42,79 ;32,87 ;42,72 ;42,72 ;28,84 ;26,50 ;24,23 
2.Kas.24;42,68 ;32,87 ;42,72 ;42,72 ;28,84 ;26,50 ;24,23 
5.Kas.24;42,68 ;32,87 ;42,72 ;42,72 ;28,84 ;26,50 ;24,23 
6.Kas.24;42,68 ;32,87 ;42,72 ;42,72 ;29,88 ;27,20 ;23,49 
9.Kas.24;42,73 ;34,64 ;42,77 ;42,77 ;29,88 ;27,20 ;23,49 
15.Kas.24;42,78 ;33,21 ;42,82 ;42,82 ;29,88 ;27,20 ;23,49 
19.Kas.24;42,16 ;33,21 ;42,82 ;42,82 ;29,88 ;27,20 ;23,49 
23.Kas.24;42,22 ;33,21 ;44,10 ;44,10 ;29,88 ;27,20 ;23,49 
26.Kas.24;42,22 ;34,33 ;44,10 ;44,10 ;29,88 ;27,20 ;23,49 
28.Kas.24;42,97 ;34,33 ;44,10 ;44,10 ;29,88 ;27,20 ;23,49 
3.Ara.24;42,95 ;34,33 ;44,12 ;44,12 ;29,88 ;27,20 ;23,49 
4.Ara.24;41,98 ;33,12 ;44,12 ;44,12 ;29,88 ;27,20 ;23,49 
6.Ara.24;42,01 ;33,12 ;43,20 ;43,20 ;30,53 ;28,59 ;23,22 
7.Ara.24;42,01 ;33,12 ;43,20 ;43,20 ;30,21 ;28,36 ;22,60 
14.Ara.24;43,00 ;33,12 ;43,24 ;43,24 ;30,21 ;28,36 ;22,60 
20.Ara.24;43,01 ;33,12 ;43,25 ;43,25 ;30,21 ;28,36 ;22,60 
21.Ara.24;43,01 ;33,12 ;43,84 ;43,84 ;30,52 ;28,21 ;23,22 
24.Ara.24;43,02 ;33,12 ;43,85 ;43,85 ;30,52 ;28,21 ;23,22 
31.Ara.24;43,84 ;33,55 ;44,62 ;44,62 ;30,61 ;28,30 ;23,30 
1.Oca.25;43,85 ;33,56 ;44,63 ;44,63 ;30,62 ;28,31 ;23,32 
3.Oca.25;43,88 ;33,56 ;44,64 ;44,64 ;30,62 ;28,31 ;23,32 
4.Oca.25;43,88 ;33,56 ;44,64 ;44,64 ;30,62 ;28,31 ;23,32 
7.Oca.25;45,15 ;35,23 ;44,65 ;44,65 ;30,62 ;28,31 ;23,32 
8.Oca.25;45,15 ;35,23 ;45,63 ;45,63 ;30,62 ;28,31 ;23,32 
9.Oca.25;45,15 ;35,23 ;45,63 ;45,63 ;30,62 ;28,31 ;23,32 
10.Oca.25;45,15 ;35,23 ;45,66 ;45,66 ;30,51 ;27,61 ;24,23 
14.Oca.25;45,15 ;35,23 ;45,66 ;45,66 ;30,51 ;27,61 ;24,23 
15.Oca.25;45,15 ;35,23 ;45,66 ;45,66 ;32,12 ;28,70 ;25,35 
16.Oca.25;45,15 ;36,81 ;47,13 ;47,13 ;32,12 ;28,70 ;25,35 
18.Oca.25;46,08 ;37,72 ;47,12 ;47,12 ;32,12 ;28,70 ;25,35 
21.Oca.25;46,08 ;37,72 ;47,17 ;47,17 ;32,12 ;28,70 ;25,35 
28.Oca.25;46,11 ;37,72 ;47,20 ;47,20 ;32,12 ;28,70 ;25,35 
30.Oca.25;46,11 ;36,12 ;47,20 ;47,20 ;30,92 ;27,70 ;24,81 
31.Oca.25;46,11 ;36,12 ;46,31 ;46,31 ;30,92 ;27,70 ;24,81 
4.Şub.25;46,15 ;36,12 ;46,34 ;46,34 ;30,92 ;27,70 ;24,81 
5.Şub.25;46,15 ;36,12 ;46,34 ;46,34 ;30,92 ;27,70 ;24,81 
6.Şub.25;46,15 ;36,12 ;46,34 ;46,34 ;32,80 ;30,38 ;25,13 
11.Şub.25;46,20 ;36,12 ;46,39 ;46,39 ;32,80 ;30,38 ;25,13 
14.Şub.25;46,24 ;36,12 ;46,41 ;46,41 ;32,80 ;30,38 ;25,13 
19.Şub.25;46,24 ;36,12 ;46,41 ;46,41 ;32,26 ;29,33 ;25,36 
22.Şub.25;46,27 ;36,12 ;47,89 ;47,89 ;32,26 ;29,33 ;25,36 
27.Şub.25;46,27 ;36,12 ;46,46 ;46,46 ;32,26 ;29,33 ;25,36 
4.Mar.25;45,12 ;36,12 ;46,46 ;46,46 ;32,26 ;29,33 ;25,36 
5.Mar.25;45,12 ;36,12 ;46,46 ;46,46 ;31,24 ;28,26 ;25,33 
6.Mar.25;45,12 ;36,12 ;46,46 ;46,46 ;30,46 ;27,43 ;24,55 
7.Mar.25;43,18 ;36,12 ;46,54 ;46,54 ;30,46 ;27,43 ;24,55 
8.Mar.25;43,18 ;35,05 ;45,19 ;45,19 ;30,46 ;27,43 ;24,55 
14.Mar.25;45,05 ;35,05 ;45,23 ;45,23 ;30,46 ;27,43 ;24,55 
22.Mar.25;45,05 ;35,05 ;45,23 ;45,23 ;31,17 ;27,80 ;25,75 
25.Mar.25;46,61 ;36,64 ;45,23 ;45,23 ;31,17 ;27,80 ;25,75 
26.Mar.25;46,61 ;36,64 ;46,65 ;46,65 ;31,17 ;27,80 ;25,75 
27.Mar.25;46,61 ;36,64 ;46,65 ;46,65 ;31,17 ;27,80 ;25,75 
28.Mar.25;46,57 ;36,64 ;46,69 ;46,69 ;31,17 ;27,80 ;25,75 
3.Nis.25;46,57 ;36,64 ;46,69 ;46,69 ;32,09 ;28,98 ;25,70 
5.Nis.25;46,57 ;36,64 ;46,69 ;46,69 ;30,43 ;27,33 ;24,38 
8.Nis.25;46,57 ;36,64 ;46,69 ;46,69 ;29,04 ;26,00 ;23,28 
9.Nis.25;46,57 ;36,64 ;44,05 ;44,05 ;29,04 ;26,00 ;23,28 
10.Nis.25;44,33 ;34,35 ;44,05 ;44,05 ;29,04 ;26,00 ;23,28 
11.Nis.25;42,98 ;33,06 ;44,05 ;44,05 ;27,70 ;24,74 ;22,56 
12.Nis.25;44,03 ;33,98 ;44,19 ;44,19 ;28,67 ;25,69 ;23,48 
17.Nis.25;44,97 ;33,98 ;44,19 ;44,19 ;28,67 ;25,69 ;23,48 
19.Nis.25;44,97 ;35,34 ;44,19 ;44,19 ;29,72 ;26,50 ;24,48 
23.Nis.25;45,00 ;35,34 ;45,24 ;45,24 ;29,72 ;26,50 ;24,48 
;;;;;;;
;;;;;;;
;;;;;;;
;;;;;;;
;;;;;;;
;;;;;;;
;;;;;;;
;;;;;;;
;;;;;;;
;;;;;;;
;;;;;;;
;;;;;;;
;;;;;;;
;;;;;;;
;;;;;;;
;;;;;;;
;;;;;;;
;;;;;;;
;;;;;;;
;;;;;;;
;;;;;;;
;;;;;;;
;;;;;;;
;;;;;;;
;;;;;;;
;;;;;;;
;;;;;;;
;;;;;;;
;;;;;;;
;;;;;;;
;;;;;;;
;;;;;;;
;;;;;;;
;;;;;;;
;;;;;;;
;;;;;;;
;;;;;;;
;;;;;;;
;;;;;;;